Type,Days for shipping (real),Days for shipment (scheduled),Benefit per order,Sales per customer,Delivery Status,Late_delivery_risk,Category Id,Category Name,Customer City,Customer Country,Customer Id,Customer Segment,Customer State,Department Id,Department Name,Latitude,Longitude,Market,Order City,Order Country,Order Customer Id,order date (DateOrders),Order Id,Order Item Cardprod Id,Order Item Discount,Order Item Discount Rate,Order Item Id,Order Item Product Price,Order Item Profit Ratio,Order Item Quantity,Sales,Order Item Total,Order Profit Per Order,Order Region,Order State,Order Status,Order Zipcode,Product Card Id,Product Category Id,Product Description,Product Name,Product Price,Product Status,shipping date (DateOrders),Shipping Mode
DEBIT,4,4,65.20999908,141.75,Shipping on time,0,24,Women's Apparel,Harlingen,EE. UU.,7602,Corporate,TX,5,Golf,26.19086266,-97.69604492,Pacific Asia,Zahedan,Irán,7602,8/26/2016 13:41,41348,502,8.25,0.059999999,103214,50.0,0.460000008,3,150.0,141.75,65.20999908,South Asia,Sistán y Baluchistán,COMPLETE,,502,24,,Nike Men's Dri-FIT Victory Golf Polo,50.0,0,8/30/2016 13:41,Standard Class
DEBIT,3,2,-88.0,49.79999924,Late delivery,1,9,Cardio Equipment,Caguas,Puerto Rico,5731,Home Office,PR,3,Footwear,18.25926209,-66.37062836,Europe,Saint-Laurent-du-Var,Francia,5731,7/23/2015 6:53,13927,172,10.19999981,0.170000002,34852,30.0,-1.769999981,2,60.0,49.79999924,-88.0,Western Europe,Provenza-Alpes-Costa Azul,COMPLETE,,172,9,,Nike Women's Tempo Shorts,30.0,0,7/26/2015 6:53,Second Class
TRANSFER,2,4,17.54000092,278.3900146,Advance shipping,0,69,Health and Beauty,Brooklyn,EE. UU.,15714,Corporate,NY,12,Health and Beauty ,40.65559006,-73.9330368,Pacific Asia,Shenzhen,China,15714,11/19/2017 8:51,72161,1356,14.64999962,0.050000001,175476,293.0400085,0.059999999,1,293.0400085,278.3900146,17.54000092,Eastern Asia,Guangdong,PROCESSING,,1356,69,,First aid kit,293.0400085,0,11/21/2017 8:51,Standard Class
TRANSFER,6,4,79.68000031,331.980011,Late delivery,1,45,Fishing,Mesquite,EE. UU.,11959,Corporate,TX,7,Fan Shop,32.78041458,-96.60680389,Europe,Paris,Francia,11959,10/4/2015 19:56,18965,1004,68.0,0.170000002,47423,399.980011,0.239999995,1,399.980011,331.980011,79.68000031,Western Europe,Isla de Francia,PENDING,,1004,45,,Field & Stream Sportsman 16 Gun Fire Safe,399.980011,0,10/10/2015 19:56,Standard Class
TRANSFER,2,4,-8.229999542,139.4400024,Advance shipping,0,46,Indoor/Outdoor Games,Albuquerque,EE. UU.,5752,Consumer,NM,7,Fan Shop,35.11821365,-106.7038727,USCA,Reading,Estados Unidos,5752,6/27/2016 18:20,37251,1014,10.5,0.07,92991,49.97999954,-0.059999999,3,149.9400024,139.4400024,-8.229999542,East of USA,Pensilvania,PROCESSING,19601.0,1014,46,,O'Brien Men's Neoprene Life Vest,49.97999954,0,6/29/2016 18:20,Standard Class
DEBIT,3,2,59.5,169.9900055,Late delivery,1,48,Water Sports,Brooklyn,EE. UU.,7612,Consumer,NY,7,Fan Shop,40.63061905,-73.92346191,Europe,Sofia,Bulgaria,7612,12/12/2016 12:08,48742,1073,30.0,0.150000006,121903,199.9900055,0.349999994,1,199.9900055,169.9900055,59.5,Eastern Europe,Sofía-Ciudad,COMPLETE,,1073,48,,Pelican Sunstream 100 Kayak,199.9900055,0,12/15/2016 12:08,Second Class
DEBIT,3,4,-128.0399933,191.9700012,Advance shipping,0,17,Cleats,Aurora,EE. UU.,3832,Corporate,IL,4,Apparel,39.70932007,-104.8145828,Pacific Asia,Kashan,Irán,3832,8/26/2016 2:50,41317,365,47.99000168,0.200000003,103140,59.99000168,-0.670000017,4,239.9600067,191.9700012,-128.0399933,South Asia,Isfahán,COMPLETE,,365,17,,Perfect Fitness Perfect Rip Deck,59.99000168,0,8/29/2016 2:50,Standard Class
DEBIT,2,4,184.4799957,409.9599915,Advance shipping,0,9,Cardio Equipment,Hamilton,EE. UU.,4140,Corporate,OH,3,Footwear,39.3985405,-84.55661774,Africa,Kinshasa,República Democrática del Congo,4140,1/2/2017 21:02,50206,191,89.98999786,0.180000007,125494,99.98999786,0.449999988,5,499.9500122,409.9599915,184.4799957,Central Africa,Kinshasa,COMPLETE,,191,9,,Nike Men's Free 5.0+ Running Shoe,99.98999786,0,1/4/2017 21:02,Standard Class
TRANSFER,2,1,54.27999878,113.0899963,Late delivery,1,18,Men's Footwear,Caguas,Puerto Rico,359,Consumer,PR,4,Apparel,18.24758339,-66.0252533,LATAM,Chinandega,Nicaragua,359,3/5/2017 0:38,54395,403,16.89999962,0.129999995,136027,129.9900055,0.479999989,1,129.9900055,113.0899963,54.27999878,Central America,Chinandega,PROCESSING,,403,18,,Nike Men's CJ Elite 2 TD Football Cleat,129.9900055,0,3/7/2017 0:38,First Class
DEBIT,2,2,123.6800003,247.3699951,Shipping on time,0,12,Boxing & MMA,Roswell,EE. UU.,695,Corporate,NM,3,Footwear,33.44919205,-104.5260162,USCA,Los Angeles,Estados Unidos,695,7/10/2016 19:53,38146,249,27.48999977,0.100000001,95208,54.97000122,0.5,5,274.8500061,247.3699951,123.6800003,West of USA ,California,COMPLETE,90045.0,249,12,,Under Armour Women's Micro G Skulpt Running S,54.97000122,0,7/12/2016 19:53,Second Class
PAYMENT,3,2,38.24000168,224.9600067,Late delivery,1,17,Cleats,Salem,EE. UU.,11488,Corporate,OR,4,Apparel,44.98003769,-123.0266647,Pacific Asia,Lahore,Pakistán,11488,11/10/2015 22:30,21507,365,74.98999786,0.25,53762,59.99000168,0.170000002,5,299.9500122,224.9600067,38.24000168,South Asia,Punyab,PENDING_PAYMENT,,365,17,,Perfect Fitness Perfect Rip Deck,59.99000168,0,11/13/2015 22:30,Second Class
PAYMENT,2,4,36.0699997,81.97000122,Advance shipping,0,46,Indoor/Outdoor Games,Compton,EE. UU.,10782,Corporate,CA,7,Fan Shop,33.89582443,-118.2444229,Europe,Getafe,España,10782,8/9/2017 20:12,65206,1014,17.98999977,0.180000007,162968,49.97999954,0.439999998,2,99.95999908,81.97000122,36.0699997,Southern Europe,Madrid,PENDING_PAYMENT,,1014,46,,O'Brien Men's Neoprene Life Vest,49.97999954,0,8/11/2017 20:12,Standard Class
TRANSFER,5,4,-20.40999985,129.9900055,Shipping canceled,0,18,Men's Footwear,Algonquin,EE. UU.,3934,Consumer,IL,4,Apparel,42.17568588,-88.37289429,Europe,Tilburg,Países Bajos,3934,7/9/2015 23:02,13014,403,0.0,0.0,32555,129.9900055,-0.159999996,1,129.9900055,129.9900055,-20.40999985,Western Europe,Brabante Septentrional,CANCELED,,403,18,,Nike Men's CJ Elite 2 TD Football Cleat,129.9900055,0,7/14/2015 23:02,Standard Class
PAYMENT,6,2,174.7100067,363.980011,Late delivery,1,45,Fishing,Caguas,Puerto Rico,5998,Corporate,PR,7,Fan Shop,18.23813629,-66.37055969,Pacific Asia,Riyadh,Arabia Saudí,5998,10/19/2016 0:39,45010,1004,36.0,0.090000004,112394,399.980011,0.479999989,1,399.980011,363.980011,174.7100067,West Asia,Riad,PENDING_PAYMENT,,1004,45,,Field & Stream Sportsman 16 Gun Fire Safe,399.980011,0,10/25/2016 0:39,Second Class
DEBIT,4,4,67.45999908,283.4500122,Shipping on time,0,17,Cleats,Jamaica,EE. UU.,1727,Corporate,NY,4,Apparel,40.70177841,-73.80841827,LATAM,Consolación del Sur,Cuba,1727,1/20/2015 17:39,1353,365,16.5,0.059999999,3350,59.99000168,0.239999995,5,299.9500122,283.4500122,67.45999908,Caribbean,Pinar del Río,COMPLETE,,365,17,,Perfect Fitness Perfect Rip Deck,59.99000168,0,1/24/2015 17:39,Standard Class
DEBIT,2,4,43.68000031,167.9900055,Advance shipping,0,48,Water Sports,Caguas,Puerto Rico,2793,Consumer,PR,7,Fan Shop,18.20897102,-66.37054443,Europe,Leipzig,Alemania,2793,9/21/2017 14:43,68136,1073,32.0,0.159999996,170356,199.9900055,0.25999999,1,199.9900055,167.9900055,43.68000031,Western Europe,Sajonia,COMPLETE,,1073,48,,Pelican Sunstream 100 Kayak,199.9900055,0,9/23/2017 14:43,Standard Class
DEBIT,4,4,36.79999924,160.0,Shipping on time,0,24,Women's Apparel,Staten Island,EE. UU.,10008,Corporate,NY,5,Golf,40.54027557,-74.16858673,Africa,Algiers,Argelia,10008,1/1/2017 14:13,50118,502,40.0,0.200000003,125281,50.0,0.230000004,4,200.0,160.0,36.79999924,North Africa,Alger,COMPLETE,,502,24,,Nike Men's Dri-FIT Victory Golf Polo,50.0,0,1/5/2017 14:13,Standard Class
DEBIT,6,4,77.98999786,299.980011,Late delivery,1,43,Camping & Hiking,Tulare,EE. UU.,364,Home Office,CA,7,Fan Shop,36.21067047,-119.4041061,LATAM,Guadalajara,México,364,2/14/2017 6:26,53110,957,0.0,0.0,132734,299.980011,0.25999999,1,299.980011,299.980011,77.98999786,Central America,Jalisco,COMPLETE,,957,43,,Diamondback Women's Serene Classic Comfort Bi,299.980011,0,2/20/2017 6:26,Standard Class
TRANSFER,3,2,-54.33000183,191.9700012,Late delivery,1,17,Cleats,Caguas,Puerto Rico,2804,Consumer,PR,4,Apparel,18.27165794,-66.37052155,Europe,London,Reino Unido,2804,9/24/2017 18:23,68352,365,47.99000168,0.200000003,170882,59.99000168,-0.280000001,4,239.9600067,191.9700012,-54.33000183,Northern Europe,Inglaterra,PENDING,,365,17,,Perfect Fitness Perfect Rip Deck,59.99000168,0,9/27/2017 18:23,Second Class
DEBIT,6,4,51.65999985,126.0,Late delivery,1,24,Women's Apparel,Caguas,Puerto Rico,9604,Consumer,PR,5,Golf,18.20489121,-66.37063599,Africa,Lagos,Nigeria,9604,10/24/2016 12:02,45385,502,24.0,0.159999996,113406,50.0,0.409999996,3,150.0,126.0,51.65999985,West Africa,Lagos,COMPLETE,,502,24,,Nike Men's Dri-FIT Victory Golf Polo,50.0,0,10/30/2016 12:02,Standard Class
TRANSFER,2,1,6.820000172,45.47999954,Late delivery,1,46,Indoor/Outdoor Games,Caguas,Puerto Rico,9632,Corporate,PR,7,Fan Shop,18.22980309,-66.37057495,Europe,Metz,Francia,9632,8/14/2017 0:03,65491,1014,4.5,0.090000004,163686,49.97999954,0.150000006,1,49.97999954,45.47999954,6.820000172,Western Europe,Alsacia-Champaña-Ardenas-Lorena,PROCESSING,,1014,46,,O'Brien Men's Neoprene Life Vest,49.97999954,0,8/16/2017 0:03,First Class
TRANSFER,5,2,38.04999924,108.7099991,Late delivery,1,5,Lacrosse,Caguas,Puerto Rico,3040,Corporate,PR,2,Fitness,18.24617577,-66.37051392,LATAM,Piedras Negras,México,3040,3/7/2015 1:50,4459,93,16.23999977,0.129999995,11160,24.98999977,0.349999994,5,124.9499969,108.7099991,38.04999924,Central America,Coahuila,PENDING,,93,5,,Under Armour Men's Tech II T-Shirt,24.98999977,0,3/12/2015 1:50,Second Class
PAYMENT,5,4,15.0,75.0,Late delivery,1,24,Women's Apparel,Brooklyn,EE. UU.,2585,Consumer,NY,5,Golf,40.63330841,-73.94656372,LATAM,San Salvador,El Salvador,2585,5/14/2017 5:26,59204,502,25.0,0.25,148186,50.0,0.200000003,2,100.0,75.0,15.0,Central America,San Salvador,PENDING_PAYMENT,,502,24,,Nike Men's Dri-FIT Victory Golf Polo,50.0,0,5/19/2017 5:26,Standard Class
TRANSFER,4,2,19.20999908,169.9799957,Late delivery,1,9,Cardio Equipment,Milwaukee,EE. UU.,2257,Home Office,WI,3,Footwear,44.88425827,-88.24053192,Pacific Asia,Brisbane,Australia,2257,2/29/2016 12:43,29083,191,30.0,0.150000006,72763,99.98999786,0.109999999,2,199.9799957,169.9799957,19.20999908,Oceania,Queensland,PENDING,,191,9,,Nike Men's Free 5.0+ Running Shoe,99.98999786,0,3/4/2016 12:43,Second Class
DEBIT,3,4,-3.799999952,99.98999786,Advance shipping,0,9,Cardio Equipment,Caguas,Puerto Rico,8689,Corporate,PR,3,Footwear,18.25509834,-66.37051392,Europe,Lohne,Alemania,8689,7/12/2017 19:54,63287,191,0.0,0.0,158229,99.98999786,-0.039999999,1,99.98999786,99.98999786,-3.799999952,Western Europe,Baja Sajonia,COMPLETE,,191,9,,Nike Men's Free 5.0+ Running Shoe,99.98999786,0,7/15/2017 19:54,Standard Class
DEBIT,4,4,115.5999985,245.9600067,Shipping on time,0,17,Cleats,Round Rock,EE. UU.,6948,Consumer,TX,4,Apparel,30.47071457,-97.64977264,Pacific Asia,Matsudo,Japón,6948,3/2/2016 5:00,29198,365,53.99000168,0.180000007,73050,59.99000168,0.469999999,5,299.9500122,245.9600067,115.5999985,Eastern Asia,Chiba,ON_HOLD,,365,17,,Perfect Fitness Perfect Rip Deck,59.99000168,0,3/6/2016 5:00,Standard Class
DEBIT,4,2,72.22000122,167.9600067,Late delivery,1,29,Shop By Sport,West Chester,EE. UU.,1311,Corporate,PA,5,Golf,39.96621323,-75.53662109,Europe,Chisináu,Moldavia,1311,9/9/2016 5:16,42283,627,31.98999977,0.159999996,105569,39.99000168,0.430000007,5,199.9499969,167.9600067,72.22000122,Eastern Europe,Chisináu,COMPLETE,,627,29,,Under Armour Girls' Toddler Spine Surge Runni,39.99000168,0,9/13/2016 5:16,Second Class
TRANSFER,4,4,-109.1299973,242.5,Shipping canceled,0,24,Women's Apparel,Loveland,EE. UU.,10784,Corporate,OH,5,Golf,39.29779434,-84.28598023,LATAM,San Pedro Sula,Honduras,10784,1/24/2015 7:30,1598,502,7.5,0.029999999,3987,50.0,-0.449999988,5,250.0,242.5,-109.1299973,Central America,Cortés,CANCELED,,502,24,,Nike Men's Dri-FIT Victory Golf Polo,50.0,0,1/28/2015 7:30,Standard Class
DEBIT,5,4,69.69000244,191.9799957,Late delivery,1,9,Cardio Equipment,Caguas,Puerto Rico,5042,Corporate,PR,3,Footwear,18.21641159,-66.3705368,Europe,Chester,Reino Unido,5042,6/27/2015 2:43,12134,191,8.0,0.039999999,30337,99.98999786,0.360000014,2,199.9799957,191.9799957,69.69000244,Northern Europe,Inglaterra,COMPLETE,,191,9,,Nike Men's Free 5.0+ Running Shoe,99.98999786,0,7/2/2015 2:43,Standard Class
CASH,5,2,-291.1700134,363.9599915,Late delivery,1,9,Cardio Equipment,Caguas,Puerto Rico,4279,Consumer,PR,3,Footwear,18.29564285,-66.37054443,LATAM,Tampico,México,4279,5/19/2015 13:49,9494,191,36.0,0.090000004,23724,99.98999786,-0.800000012,4,399.9599915,363.9599915,-291.1700134,Central America,Tamaulipas,CLOSED,,191,9,,Nike Men's Free 5.0+ Running Shoe,99.98999786,0,5/24/2015 13:49,Second Class
DEBIT,4,4,14.85000038,99.0,Shipping on time,0,24,Women's Apparel,Lansdale,EE. UU.,2075,Corporate,PA,5,Golf,40.24383545,-75.28388214,Europe,Klagenfurt,Austria,2075,11/25/2016 15:50,47588,502,1.0,0.01,118974,50.0,0.150000006,2,100.0,99.0,14.85000038,Western Europe,Carintia,COMPLETE,,502,24,,Nike Men's Dri-FIT Victory Golf Polo,50.0,0,11/29/2016 15:50,Standard Class
DEBIT,5,2,31.5,499.9500122,Late delivery,1,9,Cardio Equipment,Greenville,EE. UU.,6451,Consumer,NC,3,Footwear,35.58187485,-77.37554932,Europe,Toulouse,Francia,6451,8/25/2015 17:53,16219,191,0.0,0.0,40489,99.98999786,0.059999999,5,499.9500122,499.9500122,31.5,Western Europe,Languedoc-Rosellón-Mediodía-Pirineos,ON_HOLD,,191,9,,Nike Men's Free 5.0+ Running Shoe,99.98999786,0,8/30/2015 17:53,Second Class
TRANSFER,6,4,24.35000038,59.38999939,Late delivery,1,17,Cleats,Caguas,Puerto Rico,7241,Corporate,PR,4,Apparel,18.28585625,-66.37054443,LATAM,Gonaïves,Haití,7241,5/24/2017 5:47,59890,365,0.600000024,0.01,149892,59.99000168,0.409999996,1,59.99000168,59.38999939,24.35000038,Caribbean,Artibonito,PROCESSING,,365,17,,Perfect Fitness Perfect Rip Deck,59.99000168,0,5/30/2017 5:47,Standard Class
PAYMENT,5,4,0.219999999,21.98999977,Late delivery,1,40,Accessories,Caguas,Puerto Rico,1218,Corporate,PR,6,Outdoors,18.28869438,-66.37052155,LATAM,Apodaca,México,1218,5/25/2015 16:57,9914,905,3.0,0.119999997,24758,24.98999977,0.01,1,24.98999977,21.98999977,0.219999999,Central America,Nuevo León,PENDING_PAYMENT,,905,40,,Team Golf Texas Longhorns Putter Grip,24.98999977,0,5/30/2015 16:57,Standard Class
DEBIT,6,2,-201.4799957,129.9900055,Late delivery,1,18,Men's Footwear,Caguas,Puerto Rico,1464,Consumer,PR,4,Apparel,18.25997925,-66.37049866,Europe,Herford,Alemania,1464,10/17/2015 14:29,19840,403,0.0,0.0,49586,129.9900055,-1.549999952,1,129.9900055,129.9900055,-201.4799957,Western Europe,Renania del Norte-Westfalia,ON_HOLD,,403,18,,Nike Men's CJ Elite 2 TD Football Cleat,129.9900055,0,10/23/2015 14:29,Second Class
PAYMENT,3,4,134.9900055,359.9599915,Advance shipping,0,9,Cardio Equipment,Caguas,Puerto Rico,4687,Corporate,PR,3,Footwear,18.28091049,-66.37059021,USCA,New York City,Estados Unidos,4687,6/22/2016 9:03,36882,191,40.0,0.100000001,92043,99.98999786,0.379999995,4,399.9599915,359.9599915,134.9900055,East of USA,Nueva York,PENDING_PAYMENT,10011.0,191,9,,Nike Men's Free 5.0+ Running Shoe,99.98999786,0,6/25/2016 9:03,Standard Class
CASH,4,4,32.02999878,363.980011,Shipping on time,0,45,Fishing,Caguas,Puerto Rico,9226,Corporate,PR,7,Fan Shop,18.23684692,-66.37052918,LATAM,Atlixco,México,9226,3/7/2017 22:00,54593,1004,36.0,0.090000004,136549,399.980011,0.090000004,1,399.980011,363.980011,32.02999878,Central America,Puebla,CLOSED,,1004,45,,Field & Stream Sportsman 16 Gun Fire Safe,399.980011,0,3/11/2017 22:00,Standard Class
DEBIT,4,2,47.33000183,387.980011,Late delivery,1,45,Fishing,Costa Mesa,EE. UU.,1366,Consumer,CA,7,Fan Shop,33.67670822,-117.9219055,Pacific Asia,Napier,Nueva Zelanda,1366,3/25/2016 4:48,30773,1004,12.0,0.029999999,76873,399.980011,0.119999997,1,399.980011,387.980011,47.33000183,Oceania,Hawke's Bay,COMPLETE,,1004,45,,Field & Stream Sportsman 16 Gun Fire Safe,399.980011,0,3/29/2016 4:48,Second Class
PAYMENT,2,4,14.85000038,148.5,Advance shipping,0,24,Women's Apparel,Los Angeles,EE. UU.,9536,Consumer,CA,5,Golf,34.07558823,-118.2997131,USCA,New York City,Estados Unidos,9536,4/14/2016 2:19,32136,502,1.5,0.01,80369,50.0,0.100000001,3,150.0,148.5,14.85000038,East of USA,Nueva York,PENDING_PAYMENT,10035.0,502,24,,Nike Men's Dri-FIT Victory Golf Polo,50.0,0,4/16/2016 2:19,Standard Class
PAYMENT,6,4,6.800000191,169.9299927,Late delivery,1,46,Indoor/Outdoor Games,Phoenix,EE. UU.,9169,Consumer,AZ,7,Fan Shop,33.4926796,-112.2088623,Europe,Velbert,Alemania,9169,9/12/2015 18:54,17455,1014,29.98999977,0.150000006,43630,49.97999954,0.039999999,4,199.9199982,169.9299927,6.800000191,Western Europe,Renania del Norte-Westfalia,PENDING_PAYMENT,,1014,46,,O'Brien Men's Neoprene Life Vest,49.97999954,0,9/18/2015 18:54,Standard Class
DEBIT,0,0,124.7900009,319.980011,Shipping on time,0,45,Fishing,Louisville,EE. UU.,2165,Consumer,KY,7,Fan Shop,38.17819977,-85.76452637,Europe,Lausanne,Suiza,2165,9/2/2017 1:57,66798,1004,80.0,0.200000003,166972,399.980011,0.389999986,1,399.980011,319.980011,124.7900009,Western Europe,Vaud,COMPLETE,,1004,45,,Field & Stream Sportsman 16 Gun Fire Safe,399.980011,0,9/2/2017 13:57,Same Day
DEBIT,6,4,3.299999952,37.5,Late delivery,1,24,Women's Apparel,North Tonawanda,EE. UU.,5505,Consumer,NY,5,Golf,43.02910233,-78.87342072,Pacific Asia,Qitaihe,China,5505,12/21/2015 13:31,24290,502,12.5,0.25,60755,50.0,0.090000004,1,50.0,37.5,3.299999952,Eastern Asia,Heilongjiang,ON_HOLD,,502,24,,Nike Men's Dri-FIT Victory Golf Polo,50.0,0,12/27/2015 13:31,Standard Class
TRANSFER,6,4,87.11000061,239.9799957,Late delivery,1,43,Camping & Hiking,Caguas,Puerto Rico,834,Corporate,PR,7,Fan Shop,18.02538109,-66.61508179,Europe,Aix-en-Provence,Francia,834,8/20/2017 4:36,65915,957,60.0,0.200000003,164719,299.980011,0.360000014,1,299.980011,239.9799957,87.11000061,Western Europe,Provenza-Alpes-Costa Azul,PROCESSING,,957,43,,Diamondback Women's Serene Classic Comfort Bi,299.980011,0,8/26/2017 4:36,Standard Class
DEBIT,2,2,-13.88000011,122.8399963,Shipping on time,0,18,Men's Footwear,Chicago,EE. UU.,11711,Home Office,IL,4,Apparel,41.89569092,-87.67263794,Pacific Asia,Karaman,Turquía,11711,1/11/2017 15:15,50806,403,7.150000095,0.059999999,126964,129.9900055,-0.109999999,1,129.9900055,122.8399963,-13.88000011,West Asia,Karaman,COMPLETE,,403,18,,Nike Men's CJ Elite 2 TD Football Cleat,129.9900055,0,1/13/2017 15:15,Second Class
TRANSFER,2,1,18.26000023,43.47999954,Late delivery,1,40,Accessories,Saint Charles,EE. UU.,10851,Home Office,MO,6,Outdoors,38.78551102,-90.48577881,LATAM,Chimaltenango,Guatemala,10851,2/5/2015 13:05,2436,893,6.5,0.129999995,6086,24.98999977,0.419999987,2,49.97999954,43.47999954,18.26000023,Central America,Chimaltenango,PROCESSING,,893,40,,Team Golf Pittsburgh Steelers Putter Grip,24.98999977,0,2/7/2015 13:05,First Class
TRANSFER,2,1,-27.90999985,443.0,Late delivery,1,62,Cameras ,Caguas,Puerto Rico,13147,Consumer,PR,10,Technology,18.27988625,-66.03704834,Europe,Harrow,Reino Unido,13147,10/12/2017 21:31,69594,1349,9.039999962,0.02,172909,452.0400085,-0.059999999,1,452.0400085,443.0,-27.90999985,Northern Europe,Inglaterra,PENDING,,1349,62,,Web Camera,452.0400085,0,10/14/2017 21:31,First Class
TRANSFER,2,1,33.11999893,127.3899994,Late delivery,1,18,Men's Footwear,Caguas,Puerto Rico,94,Corporate,PR,4,Apparel,18.22758865,-66.04360199,USCA,Fremont,Estados Unidos,94,4/2/2016 3:44,31318,403,2.599999905,0.02,78285,129.9900055,0.25999999,1,129.9900055,127.3899994,33.11999893,US Center ,Nebraska,PROCESSING,68025.0,403,18,,Nike Men's CJ Elite 2 TD Football Cleat,129.9900055,0,4/4/2016 3:44,First Class
DEBIT,3,4,7.199999809,359.980011,Advance shipping,0,45,Fishing,Fremont,EE. UU.,271,Corporate,CA,7,Fan Shop,37.64143753,-121.8764877,USCA,New York City,Estados Unidos,271,7/6/2016 11:08,37847,1004,40.0,0.100000001,94455,399.980011,0.02,1,399.980011,359.980011,7.199999809,East of USA,Nueva York,COMPLETE,10035.0,1004,45,,Field & Stream Sportsman 16 Gun Fire Safe,399.980011,0,7/9/2016 11:08,Standard Class
DEBIT,4,4,49.5,395.9599915,Shipping on time,0,9,Cardio Equipment,Houston,EE. UU.,9609,Consumer,TX,3,Footwear,29.55062294,-95.80967712,LATAM,Buenos Aires,Argentina,9609,1/21/2017 17:41,51498,191,4.0,0.01,128702,99.98999786,0.129999995,4,399.9599915,395.9599915,49.5,South America,Buenos Aires,COMPLETE,,191,9,,Nike Men's Free 5.0+ Running Shoe,99.98999786,0,1/25/2017 17:41,Standard Class
PAYMENT,6,2,-3.150000095,242.3999939,Late delivery,1,71,Music,Caguas,Puerto Rico,16343,Consumer,PR,9,Discs Shop,18.21587563,-66.0370636,Pacific Asia,Dehra Dun,India,16343,11/28/2017 13:13,72790,1358,18.25,0.07,176105,260.6499939,-0.01,1,260.6499939,242.3999939,-3.150000095,South Asia,Uttarakhand,PENDING_PAYMENT,,1358,71,,Rock music,260.6499939,0,12/4/2017 13:13,Second Class
PAYMENT,6,2,79.58999634,227.4100037,Late delivery,1,46,Indoor/Outdoor Games,Caguas,Puerto Rico,5374,Corporate,PR,7,Fan Shop,18.22752762,-66.3706131,LATAM,Sonsonate,El Salvador,5374,3/10/2017 1:30,54740,1014,22.48999977,0.090000004,136898,49.97999954,0.349999994,5,249.8999939,227.4100037,79.58999634,Central America,Sonsonate,PENDING_PAYMENT,,1014,46,,O'Brien Men's Neoprene Life Vest,49.97999954,0,3/16/2017 1:30,Second Class
TRANSFER,1,0,113.8499985,247.5,Late delivery,1,24,Women's Apparel,Brockton,EE. UU.,6573,Home Office,MA,5,Golf,42.06258011,-71.01766205,Europe,Nijmegen,Países Bajos,6573,6/14/2015 16:56,11284,502,2.5,0.01,28215,50.0,0.460000008,5,250.0,247.5,113.8499985,Western Europe,Güeldres,PROCESSING,,502,24,,Nike Men's Dri-FIT Victory Golf Polo,50.0,0,6/15/2015 4:56,Same Day
PAYMENT,3,2,20.0,199.9900055,Late delivery,1,48,Water Sports,Hyattsville,EE. UU.,95,Corporate,MD,7,Fan Shop,33.35597992,-111.9122238,Africa,Cairo,Egipto,95,11/10/2016 7:38,46537,1073,0.0,0.0,116344,199.9900055,0.100000001,1,199.9900055,199.9900055,20.0,North Africa,El Cairo,PENDING_PAYMENT,,1073,48,,Pelican Sunstream 100 Kayak,199.9900055,0,11/13/2016 7:38,Second Class
CASH,4,2,46.0699997,230.3600006,Late delivery,1,17,Cleats,Caguas,Puerto Rico,5654,Home Office,PR,4,Apparel,18.21306038,-66.37062073,Africa,Matola,Mozambique,5654,12/17/2016 8:06,49073,365,9.600000381,0.039999999,122697,59.99000168,0.200000003,4,239.9600067,230.3600006,46.0699997,East Africa,Maputo,CLOSED,,365,17,,Perfect Fitness Perfect Rip Deck,59.99000168,0,12/21/2016 8:06,Second Class
DEBIT,5,4,2.640000105,263.980011,Late delivery,1,43,Camping & Hiking,Caguas,Puerto Rico,12042,Consumer,PR,7,Fan Shop,18.22452164,-66.37054443,LATAM,San Pedro Sula,Honduras,12042,5/7/2015 19:47,8689,957,36.0,0.119999997,21704,299.980011,0.01,1,299.980011,263.980011,2.640000105,Central America,Cortés,COMPLETE,,957,43,,Diamondback Women's Serene Classic Comfort Bi,299.980011,0,5/12/2015 19:47,Standard Class
DEBIT,2,1,38.00999832,79.18000031,Late delivery,1,29,Shop By Sport,Caguas,Puerto Rico,3160,Corporate,PR,5,Golf,18.2130928,-66.37051392,Europe,Bagnolet,Francia,3160,7/1/2015 22:20,12464,627,0.800000012,0.01,31190,39.99000168,0.479999989,2,79.98000336,79.18000031,38.00999832,Western Europe,Isla de Francia,COMPLETE,,627,29,,Under Armour Girls' Toddler Spine Surge Runni,39.99000168,0,7/3/2015 22:20,First Class
PAYMENT,4,4,-13.63000011,191.9900055,Shipping on time,0,48,Water Sports,Brandon,EE. UU.,6995,Home Office,FL,7,Fan Shop,27.91247559,-82.3192749,Pacific Asia,Manukau City,Nueva Zelanda,6995,3/30/2016 23:11,31168,1073,8.0,0.039999999,77895,199.9900055,-0.07,1,199.9900055,191.9900055,-13.63000011,Oceania,Auckland,PENDING_PAYMENT,,1073,48,,Pelican Sunstream 100 Kayak,199.9900055,0,4/3/2016 23:11,Standard Class
DEBIT,2,2,-66.0,40.0,Shipping on time,0,24,Women's Apparel,Philadelphia,EE. UU.,8126,Corporate,PA,5,Golf,39.96036911,-75.23828888,LATAM,Ocaña,Colombia,8126,2/26/2017 23:35,53981,502,10.0,0.200000003,134968,50.0,-1.649999976,1,50.0,40.0,-66.0,South America,Norte de Santander,COMPLETE,,502,24,,Nike Men's Dri-FIT Victory Golf Polo,50.0,0,2/28/2017 23:35,Second Class
DEBIT,3,4,11.13000011,38.38999939,Advance shipping,0,29,Shop By Sport,Strongsville,EE. UU.,6970,Corporate,OH,5,Golf,41.30748749,-81.83231354,USCA,Lawrence,Estados Unidos,6970,7/23/2016 6:02,38997,627,1.600000024,0.039999999,97349,39.99000168,0.289999992,1,39.99000168,38.38999939,11.13000011,East of USA,Massachusetts,COMPLETE,1841.0,627,29,,Under Armour Girls' Toddler Spine Surge Runni,39.99000168,0,7/26/2016 6:02,Standard Class
TRANSFER,3,4,163.5700073,503.2900085,Advance shipping,0,68,Garden,Caguas,Puerto Rico,15605,Consumer,PR,6,Outdoors,18.29036331,-66.0370636,Pacific Asia,Luoyang,China,15605,11/17/2017 18:40,72052,1355,29.29000092,0.059999999,175367,532.5800171,0.330000013,1,532.5800171,503.2900085,163.5700073,Eastern Asia,Guangdong,PROCESSING,,1355,68,,Lawn mower,532.5800171,0,11/20/2017 18:40,Standard Class
DEBIT,2,4,-187.4700012,288.4200134,Advance shipping,0,73,Sporting Goods,Elyria,EE. UU.,16764,Consumer,OH,2,Fitness,41.42148209,-82.09407044,Pacific Asia,Faridabad,India,16764,12/4/2017 16:43,73211,1360,39.33000183,0.119999997,176526,327.75,-0.649999976,1,327.75,288.4200134,-187.4700012,South Asia,Haryana,COMPLETE,,1360,73,,Smart watch ,327.75,0,12/6/2017 16:43,Standard Class
DEBIT,5,4,-193.5,263.980011,Late delivery,1,43,Camping & Hiking,Caguas,Puerto Rico,12208,Corporate,PR,7,Fan Shop,18.22877502,-66.37062073,Pacific Asia,Basra,Irak,12208,1/1/2017 12:48,50114,957,36.0,0.119999997,125272,299.980011,-0.730000019,1,299.980011,263.980011,-193.5,West Asia,Basora,COMPLETE,,957,43,,Diamondback Women's Serene Classic Comfort Bi,299.980011,0,1/6/2017 12:48,Standard Class
PAYMENT,5,4,80.44000244,247.5,Late delivery,1,24,Women's Apparel,Santa Fe,EE. UU.,2452,Corporate,NM,5,Golf,35.66167831,-105.9665604,USCA,Los Angeles,Estados Unidos,2452,6/14/2016 10:49,36339,502,2.5,0.01,90725,50.0,0.330000013,5,250.0,247.5,80.44000244,West of USA ,California,PENDING_PAYMENT,90036.0,502,24,,Nike Men's Dri-FIT Victory Golf Polo,50.0,0,6/19/2016 10:49,Standard Class
DEBIT,4,2,104.1500015,371.980011,Late delivery,1,45,Fishing,Caguas,Puerto Rico,2771,Consumer,PR,7,Fan Shop,18.27434158,-66.37055969,Pacific Asia,Depok,Indonesia,2771,2/13/2016 18:20,28003,1004,28.0,0.07,70073,399.980011,0.280000001,1,399.980011,371.980011,104.1500015,Southeast Asia,Java Occidental,COMPLETE,,1004,45,,Field & Stream Sportsman 16 Gun Fire Safe,399.980011,0,2/17/2016 18:20,Second Class
DEBIT,4,4,12.75,47.22999954,Shipping on time,0,46,Indoor/Outdoor Games,San Jose,EE. UU.,3510,Home Office,CA,7,Fan Shop,37.32554245,-121.7993469,LATAM,Puebla,México,3510,3/14/2017 16:55,55058,1014,2.75,0.059999999,137697,49.97999954,0.270000011,1,49.97999954,47.22999954,12.75,Central America,Puebla,COMPLETE,,1014,46,,O'Brien Men's Neoprene Life Vest,49.97999954,0,3/18/2017 16:55,Standard Class
PAYMENT,2,4,-63.13999939,290.9500122,Advance shipping,0,17,Cleats,Milpitas,EE. UU.,10454,Home Office,CA,4,Apparel,37.43395615,-121.8810654,Pacific Asia,Tongi,Bangladés,10454,3/3/2016 10:05,29281,365,9.0,0.029999999,73246,59.99000168,-0.219999999,5,299.9500122,290.9500122,-63.13999939,South Asia,Daca,PENDING_PAYMENT,,365,17,,Perfect Fitness Perfect Rip Deck,59.99000168,0,3/5/2016 10:05,Standard Class
CASH,4,4,69.69000244,191.9900055,Shipping on time,0,48,Water Sports,Findlay,EE. UU.,6936,Consumer,OH,7,Fan Shop,41.03451538,-83.65354919,USCA,Newark,Estados Unidos,6936,5/11/2016 20:40,34038,1073,8.0,0.039999999,84948,199.9900055,0.360000014,1,199.9900055,191.9900055,69.69000244,East of USA,Ohio,CLOSED,43055.0,1073,48,,Pelican Sunstream 100 Kayak,199.9900055,0,5/15/2016 20:40,Standard Class
DEBIT,4,4,4.150000095,414.9599915,Shipping on time,0,9,Cardio Equipment,Caguas,Puerto Rico,3000,Corporate,PR,3,Footwear,18.26399994,-66.3705368,USCA,Philadelphia,Estados Unidos,3000,4/6/2016 11:05,31613,191,84.98999786,0.170000002,79000,99.98999786,0.01,5,499.9500122,414.9599915,4.150000095,East of USA,Pensilvania,COMPLETE,19143.0,191,9,,Nike Men's Free 5.0+ Running Shoe,99.98999786,0,4/10/2016 11:05,Standard Class
TRANSFER,2,1,40.45999908,124.5,Late delivery,1,24,Women's Apparel,San Diego,EE. UU.,139,Home Office,CA,5,Golf,32.90361786,-117.0988388,LATAM,Buenos Aires,Argentina,139,4/23/2015 14:12,7714,502,25.5,0.170000002,19283,50.0,0.330000013,3,150.0,124.5,40.45999908,South America,Buenos Aires,PROCESSING,,502,24,,Nike Men's Dri-FIT Victory Golf Polo,50.0,0,4/25/2015 14:12,First Class
TRANSFER,3,2,45.06000137,97.95999908,Late delivery,1,46,Indoor/Outdoor Games,Santa Ana,EE. UU.,11948,Consumer,CA,7,Fan Shop,33.93561935,-118.2328796,LATAM,Santo Domingo,República Dominicana,11948,4/15/2015 14:34,7167,1014,2.0,0.02,17942,49.97999954,0.460000008,2,99.95999908,97.95999908,45.06000137,Caribbean,Santo Domingo,PROCESSING,,1014,46,,O'Brien Men's Neoprene Life Vest,49.97999954,0,4/18/2015 14:34,Second Class
PAYMENT,0,0,42.13999939,98.0,Shipping on time,0,24,Women's Apparel,Bakersfield,EE. UU.,4347,Consumer,CA,5,Golf,35.36254501,-119.0186996,Europe,Perugia,Italia,4347,8/28/2015 7:53,16396,502,2.0,0.02,40945,50.0,0.430000007,2,100.0,98.0,42.13999939,Southern Europe,Umbría,PENDING_PAYMENT,,502,24,,Nike Men's Dri-FIT Victory Golf Polo,50.0,0,8/28/2015 19:53,Same Day
DEBIT,2,1,8.970000267,101.9800034,Late delivery,1,17,Cleats,Juana Diaz,Puerto Rico,7089,Consumer,PR,4,Apparel,18.05199051,-66.50184631,Europe,Gallarate,Italia,7089,9/24/2017 5:05,68314,365,18.0,0.150000006,170785,59.99000168,0.090000004,2,119.9800034,101.9800034,8.970000267,Southern Europe,Lombardía,COMPLETE,,365,17,,Perfect Fitness Perfect Rip Deck,59.99000168,0,9/26/2017 5:05,First Class
TRANSFER,6,2,27.78000069,56.68999863,Late delivery,1,17,Cleats,Lancaster,EE. UU.,7916,Consumer,PA,4,Apparel,39.97039032,-75.21414948,Europe,Strasbourg,Francia,7916,6/27/2015 17:05,12175,365,3.299999952,0.059999999,30435,59.99000168,0.49000001,1,59.99000168,56.68999863,27.78000069,Western Europe,Alsacia-Champaña-Ardenas-Lorena,PENDING,,365,17,,Perfect Fitness Perfect Rip Deck,59.99000168,0,7/3/2015 17:05,Second Class
DEBIT,6,2,21.75,74.98999786,Late delivery,1,9,Cardio Equipment,Caguas,Puerto Rico,8955,Corporate,PR,3,Footwear,18.29028702,-66.37050629,Africa,Randfontein,SudAfrica,8955,12/12/2016 23:42,48775,191,25.0,0.25,121988,99.98999786,0.289999992,1,99.98999786,74.98999786,21.75,Southern Africa,Gauteng,COMPLETE,,191,9,,Nike Men's Free 5.0+ Running Shoe,99.98999786,0,12/18/2016 23:42,Second Class
DEBIT,2,1,13.32999992,41.0,Late delivery,1,24,Women's Apparel,Caguas,Puerto Rico,5301,Consumer,PR,5,Golf,18.27515984,-66.37052918,Europe,Castres,Francia,5301,9/7/2015 20:29,17117,502,9.0,0.180000007,42809,50.0,0.330000013,1,50.0,41.0,13.32999992,Western Europe,Languedoc-Rosellón-Mediodía-Pirineos,COMPLETE,,502,24,,Nike Men's Dri-FIT Victory Golf Polo,50.0,0,9/9/2015 20:29,First Class
TRANSFER,4,4,-110.3899994,232.4100037,Shipping on time,0,46,Indoor/Outdoor Games,San Marcos,EE. UU.,1209,Consumer,TX,7,Fan Shop,29.88279152,-97.89540863,Europe,Levallois-Perret,Francia,1209,8/3/2015 9:30,14688,1014,17.48999977,0.07,36746,49.97999954,-0.479999989,5,249.8999939,232.4100037,-110.3899994,Western Europe,Isla de Francia,PENDING,,1014,46,,O'Brien Men's Neoprene Life Vest,49.97999954,0,8/7/2015 9:30,Standard Class
PAYMENT,2,2,52.77999878,175.9299927,Shipping on time,0,46,Indoor/Outdoor Games,Caguas,Puerto Rico,4775,Consumer,PR,7,Fan Shop,18.25714684,-66.37049866,Pacific Asia,Manila,Filipinas,4775,1/26/2016 18:43,26771,1014,23.98999977,0.119999997,67071,49.97999954,0.300000012,4,199.9199982,175.9299927,52.77999878,Southeast Asia,Capital Nacional,PENDING_PAYMENT,,1014,46,,O'Brien Men's Neoprene Life Vest,49.97999954,0,1/28/2016 18:43,Second Class
PAYMENT,2,1,235.1799927,479.9500122,Late delivery,1,9,Cardio Equipment,Caguas,Puerto Rico,711,Corporate,PR,3,Footwear,18.27657509,-66.03752899,USCA,Seattle,Estados Unidos,711,7/30/2016 1:59,39465,191,20.0,0.039999999,98525,99.98999786,0.49000001,5,499.9500122,479.9500122,235.1799927,West of USA ,Washington,PENDING_PAYMENT,98105.0,191,9,,Nike Men's Free 5.0+ Running Shoe,99.98999786,0,8/1/2016 1:59,First Class
DEBIT,4,4,28.35000038,377.9599915,Shipping on time,0,9,Cardio Equipment,Reno,EE. UU.,1528,Consumer,NV,3,Footwear,39.52199173,-119.8001633,Pacific Asia,Kita-ku,Japón,1528,1/20/2016 19:46,26363,191,22.0,0.059999999,65985,99.98999786,0.079999998,4,399.9599915,377.9599915,28.35000038,Eastern Asia,Hyogo,COMPLETE,,191,9,,Nike Men's Free 5.0+ Running Shoe,99.98999786,0,1/24/2016 19:46,Standard Class
DEBIT,5,4,-44.20000076,207.5,Late delivery,1,24,Women's Apparel,Caguas,Puerto Rico,2664,Corporate,PR,5,Golf,18.23269844,-66.37052918,Europe,Oberhausen,Alemania,2664,9/12/2017 5:48,67494,502,42.5,0.170000002,168730,50.0,-0.209999993,5,250.0,207.5,-44.20000076,Western Europe,Renania del Norte-Westfalia,COMPLETE,,502,24,,Nike Men's Dri-FIT Victory Golf Polo,50.0,0,9/17/2017 5:48,Standard Class
DEBIT,5,4,34.18000031,109.1900024,Late delivery,1,18,Men's Footwear,Corona,EE. UU.,5173,Home Office,CA,4,Apparel,33.8950882,-117.5264206,LATAM,Itu,Brasil,5173,3/6/2017 7:49,54484,403,20.79999924,0.159999996,136259,129.9900055,0.310000002,1,129.9900055,109.1900024,34.18000031,South America,São Paulo,COMPLETE,,403,18,,Nike Men's CJ Elite 2 TD Football Cleat,129.9900055,0,3/11/2017 7:49,Standard Class
DEBIT,2,1,20.5,82.0,Late delivery,1,24,Women's Apparel,Salt Lake City,EE. UU.,6009,Consumer,UT,5,Golf,40.76031113,-111.8882217,USCA,Philadelphia,Estados Unidos,6009,5/22/2016 8:34,34757,502,18.0,0.180000007,86828,50.0,0.25,2,100.0,82.0,20.5,East of USA,Pensilvania,COMPLETE,19143.0,502,24,,Nike Men's Dri-FIT Victory Golf Polo,50.0,0,5/24/2016 8:34,First Class
DEBIT,2,4,25.11000061,54.59000015,Advance shipping,0,17,Cleats,Caguas,Puerto Rico,5421,Consumer,PR,4,Apparel,18.20737648,-66.37055206,LATAM,Altamira,Brasil,5421,4/14/2017 4:26,57146,365,5.400000095,0.090000004,142937,59.99000168,0.460000008,1,59.99000168,54.59000015,25.11000061,South America,Pará,COMPLETE,,365,17,,Perfect Fitness Perfect Rip Deck,59.99000168,0,4/16/2017 4:26,Standard Class
PAYMENT,6,2,17.76000023,48.0,Late delivery,1,24,Women's Apparel,Winnetka,EE. UU.,12235,Consumer,CA,5,Golf,34.2168045,-118.5710373,LATAM,Puebla,México,12235,3/25/2015 1:06,5690,502,2.0,0.039999999,14178,50.0,0.370000005,1,50.0,48.0,17.76000023,Central America,Puebla,PENDING_PAYMENT,,502,24,,Nike Men's Dri-FIT Victory Golf Polo,50.0,0,3/31/2015 1:06,Second Class
DEBIT,3,4,28.60000038,114.3899994,Advance shipping,0,18,Men's Footwear,Santa Ana,EE. UU.,11110,Consumer,CA,4,Apparel,33.72488022,-117.903038,LATAM,Reynosa,México,11110,2/20/2017 8:32,53527,403,15.60000038,0.119999997,133776,129.9900055,0.25,1,129.9900055,114.3899994,28.60000038,Central America,Tamaulipas,ON_HOLD,,403,18,,Nike Men's CJ Elite 2 TD Football Cleat,129.9900055,0,2/23/2017 8:32,Standard Class
TRANSFER,4,4,-51.43999863,293.9500122,Shipping on time,0,17,Cleats,Highland Park,EE. UU.,4852,Consumer,MI,4,Apparel,42.85254669,-85.85721588,LATAM,Santo Domingo,República Dominicana,4852,4/3/2017 2:52,56388,365,6.0,0.02,141039,59.99000168,-0.180000007,5,299.9500122,293.9500122,-51.43999863,Caribbean,Santo Domingo,PROCESSING,,365,17,,Perfect Fitness Perfect Rip Deck,59.99000168,0,4/7/2017 2:52,Standard Class
DEBIT,5,4,-98.70999908,128.6900024,Late delivery,1,18,Men's Footwear,Fort Lauderdale,EE. UU.,11260,Consumer,FL,4,Apparel,26.11425972,-80.16235352,Europe,Stuttgart,Alemania,11260,6/1/2015 4:52,10359,403,1.299999952,0.01,25932,129.9900055,-0.769999981,1,129.9900055,128.6900024,-98.70999908,Western Europe,Baden-Wurtemberg,ON_HOLD,,403,18,,Nike Men's CJ Elite 2 TD Football Cleat,129.9900055,0,6/6/2015 4:52,Standard Class
PAYMENT,2,1,50.95999908,181.9900055,Late delivery,1,48,Water Sports,Long Beach,EE. UU.,11160,Consumer,CA,7,Fan Shop,33.79627991,-118.1914597,LATAM,Heroica Zitácuaro,México,11160,5/22/2015 8:23,9684,1073,18.0,0.090000004,24185,199.9900055,0.280000001,1,199.9900055,181.9900055,50.95999908,Central America,Michoacán,PENDING_PAYMENT,,1073,48,,Pelican Sunstream 100 Kayak,199.9900055,0,5/24/2015 8:23,First Class
PAYMENT,2,1,92.13999939,191.9700012,Late delivery,1,17,Cleats,Glendale,EE. UU.,4244,Consumer,AZ,4,Apparel,33.53820038,-112.2271423,USCA,Newark,Estados Unidos,4244,6/10/2016 14:19,36075,365,47.99000168,0.200000003,90074,59.99000168,0.479999989,4,239.9600067,191.9700012,92.13999939,East of USA,Delaware,PENDING_PAYMENT,19711.0,365,17,,Perfect Fitness Perfect Rip Deck,59.99000168,0,6/12/2016 14:19,First Class
PAYMENT,5,4,14.98999977,199.9199982,Late delivery,1,46,Indoor/Outdoor Games,Caguas,Puerto Rico,5969,Consumer,PR,7,Fan Shop,18.28107643,-66.37054443,Europe,Martigues,Francia,5969,7/6/2015 2:11,12749,1014,49.97999954,0.200000003,31901,49.97999954,0.079999998,5,249.8999939,199.9199982,14.98999977,Western Europe,Provenza-Alpes-Costa Azul,PENDING_PAYMENT,,1014,46,,O'Brien Men's Neoprene Life Vest,49.97999954,0,7/11/2015 2:11,Standard Class
DEBIT,5,4,-11.80000019,199.9900055,Late delivery,1,48,Water Sports,Caguas,Puerto Rico,5321,Corporate,PR,7,Fan Shop,18.25488091,-66.37062836,Pacific Asia,Kuala Terengganu,Malasia,5321,1/6/2016 14:32,25389,1073,0.0,0.0,63591,199.9900055,-0.059999999,1,199.9900055,199.9900055,-11.80000019,Southeast Asia,Trengganu,COMPLETE,,1073,48,,Pelican Sunstream 100 Kayak,199.9900055,0,1/11/2016 14:32,Standard Class
CASH,2,4,107.1299973,285.6799927,Advance shipping,0,63,Children's Clothing,Caguas,Puerto Rico,13809,Consumer,PR,4,Apparel,18.24525833,-66.03705597,Europe,Krefeld,Alemania,13809,10/22/2017 13:27,70256,1350,71.41999817,0.200000003,173571,357.1000061,0.379999995,1,357.1000061,285.6799927,107.1299973,Western Europe,Renania del Norte-Westfalia,CLOSED,,1350,63,,Children's heaters,357.1000061,0,10/24/2017 13:27,Standard Class
CASH,5,4,1.350000024,67.5,Late delivery,1,9,Cardio Equipment,Richmond,EE. UU.,4619,Consumer,TX,3,Footwear,29.72867012,-95.54859924,LATAM,Pouso Alegre,Brasil,4619,3/6/2017 20:05,54519,172,22.5,0.25,136353,30.0,0.02,3,90.0,67.5,1.350000024,South America,Minas Gerais,CLOSED,,172,9,,Nike Women's Tempo Shorts,30.0,0,3/11/2017 20:05,Standard Class
DEBIT,5,4,9.100000381,181.9900055,Late delivery,1,48,Water Sports,Phoenix,EE. UU.,4909,Consumer,AZ,7,Fan Shop,33.47337341,-112.1697769,LATAM,Huehuetenango,Guatemala,4909,1/13/2015 21:21,884,1073,18.0,0.090000004,2212,199.9900055,0.050000001,1,199.9900055,181.9900055,9.100000381,Central America,Huehuetenango,COMPLETE,,1073,48,,Pelican Sunstream 100 Kayak,199.9900055,0,1/18/2015 21:21,Standard Class
PAYMENT,1,0,-188.9900055,269.980011,Late delivery,1,43,Camping & Hiking,San Diego,EE. UU.,9855,Consumer,CA,7,Fan Shop,32.75856018,-117.0881882,Europe,Chesterfield,Reino Unido,9855,8/29/2015 17:10,16491,957,30.0,0.100000001,41191,299.980011,-0.699999988,1,299.980011,269.980011,-188.9900055,Northern Europe,Inglaterra,PENDING_PAYMENT,,957,43,,Diamondback Women's Serene Classic Comfort Bi,299.980011,0,8/30/2015 5:10,Same Day
DEBIT,2,4,7.119999886,142.4400024,Advance shipping,0,46,Indoor/Outdoor Games,Cleveland,EE. UU.,10612,Corporate,OH,7,Fan Shop,41.23928452,-81.4984436,Europe,Strasbourg,Francia,10612,6/19/2015 9:44,11606,1014,7.5,0.050000001,29021,49.97999954,0.050000001,3,149.9400024,142.4400024,7.119999886,Western Europe,Alsacia-Champaña-Ardenas-Lorena,COMPLETE,,1014,46,,O'Brien Men's Neoprene Life Vest,49.97999954,0,6/21/2015 9:44,Standard Class
DEBIT,5,4,-79.36000061,113.3700027,Late delivery,1,29,Shop By Sport,Norfolk,EE. UU.,4306,Consumer,VA,5,Golf,36.94937897,-76.24703217,LATAM,San Miguelito,Panamá,4306,4/7/2017 19:20,56709,627,6.599999905,0.059999999,141830,39.99000168,-0.699999988,3,119.9700012,113.3700027,-79.36000061,Central America,Panamá,COMPLETE,,627,29,,Under Armour Girls' Toddler Spine Surge Runni,39.99000168,0,4/12/2017 19:20,Standard Class
DEBIT,4,4,129.3500061,263.980011,Shipping on time,0,43,Camping & Hiking,Caguas,Puerto Rico,2507,Corporate,PR,7,Fan Shop,18.20127678,-66.37055206,USCA,Lancaster,Estados Unidos,2507,4/13/2016 7:45,32083,957,36.0,0.119999997,80233,299.980011,0.49000001,1,299.980011,263.980011,129.3500061,West of USA ,California,COMPLETE,93534.0,957,43,,Diamondback Women's Serene Classic Comfort Bi,299.980011,0,4/17/2016 7:45,Standard Class
TRANSFER,6,2,32.11000061,123.4899979,Late delivery,1,18,Men's Footwear,Caguas,Puerto Rico,4080,Consumer,PR,4,Apparel,18.27618027,-66.37058258,Pacific Asia,Shenzhen,China,4080,3/3/2016 14:59,29295,403,6.5,0.050000001,73296,129.9900055,0.25999999,1,129.9900055,123.4899979,32.11000061,Eastern Asia,Guangdong,PROCESSING,,403,18,,Nike Men's CJ Elite 2 TD Football Cleat,129.9900055,0,3/9/2016 14:59,Second Class
TRANSFER,5,2,28.60000038,114.3899994,Late delivery,1,18,Men's Footwear,Caguas,Puerto Rico,4100,Consumer,PR,4,Apparel,18.29034615,-66.37055969,Pacific Asia,Nazilli,Turquía,4100,9/27/2016 2:47,43509,403,15.60000038,0.119999997,108676,129.9900055,0.25,1,129.9900055,114.3899994,28.60000038,West Asia,Aydin,PENDING,,403,18,,Nike Men's CJ Elite 2 TD Football Cleat,129.9900055,0,10/2/2016 2:47,Second Class
PAYMENT,0,0,112.4899979,374.9599915,Shipping on time,0,9,Cardio Equipment,Westland,EE. UU.,2391,Corporate,MI,3,Footwear,42.33019257,-83.39046478,Africa,Nairobi,Kenia,2391,1/13/2017 0:53,50902,191,124.9899979,0.25,127221,99.98999786,0.300000012,5,499.9500122,374.9599915,112.4899979,East Africa,Nairobi,PENDING_PAYMENT,,191,9,,Nike Men's Free 5.0+ Running Shoe,99.98999786,0,1/13/2017 12:53,Same Day
PAYMENT,3,4,-15.18000031,18.97999954,Advance shipping,0,35,Golf Gloves,Caguas,Puerto Rico,9785,Consumer,PR,6,Outdoors,18.20022965,-66.37049866,LATAM,Morelia,México,9785,5/9/2015 16:38,8817,775,1.0,0.050000001,22016,9.989999771,-0.800000012,2,19.97999954,18.97999954,-15.18000031,Central America,Michoacán,PENDING_PAYMENT,,775,35,,Clicgear 8.0 Shoe Brush,9.989999771,0,5/12/2015 16:38,Standard Class
CASH,2,4,40.15999985,81.97000122,Advance shipping,0,46,Indoor/Outdoor Games,Chicago,EE. UU.,6823,Home Office,IL,7,Fan Shop,42.0063591,-87.66739655,Pacific Asia,Estambul,Turquía,6823,12/3/2016 5:19,48106,1014,17.98999977,0.180000007,120296,49.97999954,0.49000001,2,99.95999908,81.97000122,40.15999985,West Asia,Estambul,CLOSED,,1014,46,,O'Brien Men's Neoprene Life Vest,49.97999954,0,12/5/2016 5:19,Standard Class
TRANSFER,6,2,106.5800018,217.5,Late delivery,1,24,Women's Apparel,Arecibo,Puerto Rico,10097,Corporate,PR,5,Golf,39.49591446,-98.98998261,Pacific Asia,Manukau City,Nueva Zelanda,10097,3/26/2016 21:47,30890,502,32.5,0.129999995,77207,50.0,0.49000001,5,250.0,217.5,106.5800018,Oceania,Auckland,PROCESSING,,502,24,,Nike Men's Dri-FIT Victory Golf Polo,50.0,0,4/1/2016 21:47,Second Class
TRANSFER,5,4,-2.680000067,23.75,Late delivery,1,26,Girls' Apparel,Caguas,Puerto Rico,1907,Consumer,PR,5,Golf,18.27225685,-66.37056732,Africa,Alexandria,Egipto,1907,12/27/2016 17:12,49784,567,1.25,0.050000001,124448,25.0,-0.109999999,1,25.0,23.75,-2.680000067,North Africa,Alejandría,PENDING,,567,26,,adidas Men's Germany Black Crest Away Tee,25.0,0,1/1/2017 17:12,Standard Class
PAYMENT,5,4,65.20999908,141.75,Late delivery,1,24,Women's Apparel,Salinas,EE. UU.,4451,Consumer,CA,5,Golf,36.6763382,-121.656517,LATAM,Indaial,Brasil,4451,6/14/2017 7:40,61334,502,8.25,0.059999999,153445,50.0,0.460000008,3,150.0,141.75,65.20999908,South America,Santa Catarina,PENDING_PAYMENT,,502,24,,Nike Men's Dri-FIT Victory Golf Polo,50.0,0,6/19/2017 7:40,Standard Class
DEBIT,5,4,59.47000122,189.9900055,Late delivery,1,48,Water Sports,Caguas,Puerto Rico,2884,Corporate,PR,7,Fan Shop,18.28505516,-66.3705368,LATAM,Reynosa,México,2884,4/29/2015 19:06,8139,1073,10.0,0.050000001,20320,199.9900055,0.310000002,1,199.9900055,189.9900055,59.47000122,Central America,Tamaulipas,COMPLETE,,1073,48,,Pelican Sunstream 100 Kayak,199.9900055,0,5/4/2015 19:06,Standard Class
CASH,2,1,70.63999939,153.5599976,Late delivery,1,29,Shop By Sport,Canton,EE. UU.,4892,Consumer,MI,5,Golf,42.32435989,-83.48809815,USCA,New York City,Estados Unidos,4892,6/29/2016 19:01,37390,627,6.400000095,0.039999999,93330,39.99000168,0.460000008,4,159.9600067,153.5599976,70.63999939,East of USA,Nueva York,CLOSED,10035.0,627,29,,Under Armour Girls' Toddler Spine Surge Runni,39.99000168,0,7/1/2016 19:01,First Class
TRANSFER,2,2,-218.3899994,272.980011,Shipping on time,0,43,Camping & Hiking,Caguas,Puerto Rico,8059,Consumer,PR,7,Fan Shop,18.25300026,-66.37056732,Europe,Marseille,Francia,8059,9/27/2015 4:21,18441,957,27.0,0.090000004,46098,299.980011,-0.800000012,1,299.980011,272.980011,-218.3899994,Western Europe,Provenza-Alpes-Costa Azul,PROCESSING,,957,43,,Diamondback Women's Serene Classic Comfort Bi,299.980011,0,9/29/2015 4:21,Second Class
DEBIT,4,4,10.84000015,95.95999908,Shipping on time,0,35,Golf Gloves,Caguas,Puerto Rico,8935,Consumer,PR,6,Outdoors,18.26435661,-66.37056732,LATAM,Santana de Parnaíba,Brasil,8935,4/4/2017 10:24,56478,778,4.0,0.039999999,141283,24.98999977,0.109999999,4,99.95999908,95.95999908,10.84000015,South America,São Paulo,COMPLETE,,778,35,,Bag Boy Beverage Holder,24.98999977,0,4/8/2017 10:24,Standard Class
TRANSFER,5,4,4.610000134,383.980011,Late delivery,1,45,Fishing,Caguas,Puerto Rico,1468,Consumer,PR,7,Fan Shop,18.27948189,-66.37051392,LATAM,Heroica Zitácuaro,México,1468,2/1/2015 10:17,2154,1004,16.0,0.039999999,5392,399.980011,0.01,1,399.980011,383.980011,4.610000134,Central America,Michoacán,PROCESSING,,1004,45,,Field & Stream Sportsman 16 Gun Fire Safe,399.980011,0,2/6/2015 10:17,Standard Class
DEBIT,2,2,24.54999924,196.3999939,Shipping on time,0,76,Women's Clothing,Lancaster,EE. UU.,20474,Corporate,OH,4,Apparel,39.71408463,-82.69639587,Pacific Asia,Melbourne,Australia,20474,1/27/2018 20:30,76921,1363,19.42000008,0.090000004,180236,215.8200073,0.129999995,1,215.8200073,196.3999939,24.54999924,Oceania,Victoria,ON_HOLD,,1363,76,,Summer dresses,215.8200073,0,1/29/2018 20:30,Second Class
DEBIT,2,1,146.9799957,299.9500122,Late delivery,1,17,Cleats,Caguas,Puerto Rico,4827,Consumer,PR,4,Apparel,18.26537323,-66.37062836,LATAM,Barreiras,Brasil,4827,5/22/2017 20:51,59796,365,0.0,0.0,149667,59.99000168,0.49000001,5,299.9500122,299.9500122,146.9799957,South America,Bahía,ON_HOLD,,365,17,,Perfect Fitness Perfect Rip Deck,59.99000168,0,5/24/2017 20:51,First Class
CASH,4,2,110.6900024,269.980011,Late delivery,1,43,Camping & Hiking,Ithaca,EE. UU.,6220,Consumer,NY,7,Fan Shop,42.43708038,-76.48168945,Pacific Asia,Vadodara,India,6220,1/12/2016 1:34,25763,957,30.0,0.100000001,64507,299.980011,0.409999996,1,299.980011,269.980011,110.6900024,South Asia,Guyarat,CLOSED,,957,43,,Diamondback Women's Serene Classic Comfort Bi,299.980011,0,1/16/2016 1:34,Second Class
TRANSFER,3,4,-49.5,197.9900055,Shipping canceled,0,48,Water Sports,Caguas,Puerto Rico,9783,Consumer,PR,7,Fan Shop,18.28681755,-66.37055206,USCA,Ottawa,Canada,9783,11/12/2016 3:25,46662,1073,2.0,0.01,116661,199.9900055,-0.25,1,199.9900055,197.9900055,-49.5,Canada,Ontario,SUSPECTED_FRAUD,,1073,48,,Pelican Sunstream 100 Kayak,199.9900055,0,11/15/2016 3:25,Standard Class
DEBIT,3,2,-11.06000042,46.47999954,Late delivery,1,46,Indoor/Outdoor Games,Jamaica,EE. UU.,1727,Corporate,NY,7,Fan Shop,40.70177841,-73.80841827,USCA,Seattle,Estados Unidos,1727,4/8/2016 13:32,31757,1014,3.5,0.07,79373,49.97999954,-0.239999995,1,49.97999954,46.47999954,-11.06000042,West of USA ,Washington,COMPLETE,98115.0,1014,46,,O'Brien Men's Neoprene Life Vest,49.97999954,0,4/11/2016 13:32,Second Class
DEBIT,2,1,102.0800018,237.4100037,Late delivery,1,46,Indoor/Outdoor Games,Caguas,Puerto Rico,8818,Home Office,PR,7,Fan Shop,18.22530747,-66.37054443,Europe,Cologne,Alemania,8818,7/21/2017 12:21,63882,1014,12.5,0.050000001,159686,49.97999954,0.430000007,5,249.8999939,237.4100037,102.0800018,Western Europe,Renania del Norte-Westfalia,COMPLETE,,1014,46,,O'Brien Men's Neoprene Life Vest,49.97999954,0,7/23/2017 12:21,First Class
DEBIT,5,2,10.19999981,170.0,Late delivery,1,24,Women's Apparel,Garden Grove,EE. UU.,3766,Consumer,CA,5,Golf,33.76652145,-117.9461899,Pacific Asia,Sivas,Turquía,3766,8/31/2016 18:25,41704,502,30.0,0.150000006,104115,50.0,0.059999999,4,200.0,170.0,10.19999981,West Asia,Sivas,COMPLETE,,502,24,,Nike Men's Dri-FIT Victory Golf Polo,50.0,0,9/5/2016 18:25,Second Class
DEBIT,5,4,2.960000038,33.58000183,Late delivery,1,36,Golf Balls,Tustin,EE. UU.,6137,Consumer,CA,6,Outdoors,36.81669235,-121.6491547,LATAM,San Francisco de Macorís,República Dominicana,6137,2/3/2015 4:19,2274,804,6.400000095,0.159999996,5703,19.98999977,0.090000004,2,39.97999954,33.58000183,2.960000038,Caribbean,Duarte,COMPLETE,,804,36,,Glove It Women's Imperial Golf Glove,19.98999977,0,2/8/2015 4:19,Standard Class
CASH,3,2,-1.389999986,106.5899963,Late delivery,1,18,Men's Footwear,Caguas,Puerto Rico,10564,Consumer,PR,4,Apparel,18.28524971,-66.37056732,Europe,Manchester,Reino Unido,10564,6/29/2015 15:20,12307,403,23.39999962,0.180000007,30750,129.9900055,-0.01,1,129.9900055,106.5899963,-1.389999986,Northern Europe,Inglaterra,CLOSED,,403,18,,Nike Men's CJ Elite 2 TD Football Cleat,129.9900055,0,7/2/2015 15:20,Second Class
PAYMENT,3,4,81.33999634,165.9900055,Advance shipping,0,48,Water Sports,Aurora,EE. UU.,6486,Consumer,CO,7,Fan Shop,39.69681549,-104.8411789,Europe,Siegen,Alemania,6486,6/22/2015 15:10,11827,1073,34.0,0.170000002,29578,199.9900055,0.49000001,1,199.9900055,165.9900055,81.33999634,Western Europe,Renania del Norte-Westfalia,PENDING_PAYMENT,,1073,48,,Pelican Sunstream 100 Kayak,199.9900055,0,6/25/2015 15:10,Standard Class
DEBIT,5,4,75.66000366,193.9900055,Late delivery,1,48,Water Sports,Caguas,Puerto Rico,10552,Consumer,PR,7,Fan Shop,18.22195053,-66.3705368,Africa,Safi,Marruecos,10552,12/20/2016 17:02,49304,1073,6.0,0.029999999,123247,199.9900055,0.389999986,1,199.9900055,193.9900055,75.66000366,North Africa,Dukala-Abda,COMPLETE,,1073,48,,Pelican Sunstream 100 Kayak,199.9900055,0,12/25/2016 17:02,Standard Class
DEBIT,2,1,7.78000021,123.4899979,Late delivery,1,18,Men's Footwear,Caguas,Puerto Rico,2616,Consumer,PR,4,Apparel,18.21655846,-66.37054443,Europe,Monza,Italia,2616,8/8/2017 3:13,65089,403,6.5,0.050000001,162668,129.9900055,0.059999999,1,129.9900055,123.4899979,7.78000021,Southern Europe,Lombardía,ON_HOLD,,403,18,,Nike Men's CJ Elite 2 TD Football Cleat,129.9900055,0,8/10/2017 3:13,First Class
DEBIT,4,2,69.75,224.9900055,Late delivery,1,43,Camping & Hiking,Caguas,Puerto Rico,2192,Consumer,PR,7,Fan Shop,18.24031067,-66.37055206,LATAM,Managua,Nicaragua,2192,2/25/2015 6:45,3788,957,75.0,0.25,9433,299.980011,0.310000002,1,299.980011,224.9900055,69.75,Central America,Managua,COMPLETE,,957,43,,Diamondback Women's Serene Classic Comfort Bi,299.980011,0,3/1/2015 6:45,Second Class
PAYMENT,6,4,-92.04000092,110.4899979,Late delivery,1,18,Men's Footwear,Caguas,Puerto Rico,10990,Consumer,PR,4,Apparel,18.21441841,-66.37052918,Pacific Asia,Mackay,Australia,10990,12/24/2015 4:34,24470,403,19.5,0.150000006,61238,129.9900055,-0.829999983,1,129.9900055,110.4899979,-92.04000092,Oceania,Queensland,PENDING_PAYMENT,,403,18,,Nike Men's CJ Elite 2 TD Football Cleat,129.9900055,0,12/30/2015 4:34,Standard Class
TRANSFER,2,1,90.70999908,251.9799957,Late delivery,1,43,Camping & Hiking,Caguas,Puerto Rico,11433,Consumer,PR,7,Fan Shop,18.2574234,-66.37062073,LATAM,San Pedro Sula,Honduras,11433,1/18/2015 23:16,1232,957,48.0,0.159999996,3059,299.980011,0.360000014,1,299.980011,251.9799957,90.70999908,Central America,Cortés,PENDING,,957,43,,Diamondback Women's Serene Classic Comfort Bi,299.980011,0,1/20/2015 23:16,First Class
DEBIT,6,4,76.48999786,254.9799957,Late delivery,1,43,Camping & Hiking,Caguas,Puerto Rico,3296,Home Office,PR,7,Fan Shop,18.23466301,-66.37059784,LATAM,Caucaia,Brasil,3296,3/28/2017 3:56,55980,957,45.0,0.150000006,139964,299.980011,0.300000012,1,299.980011,254.9799957,76.48999786,South America,Ceará,COMPLETE,,957,43,,Diamondback Women's Serene Classic Comfort Bi,299.980011,0,4/3/2017 3:56,Standard Class
CASH,6,4,82.34999847,211.1600037,Late delivery,1,17,Cleats,Honolulu,EE. UU.,2769,Corporate,HI,4,Apparel,21.32080078,-157.8613892,USCA,Saanich,Canada,2769,1/6/2017 3:31,50430,365,28.79999924,0.119999997,126007,59.99000168,0.389999986,4,239.9600067,211.1600037,82.34999847,Canada,Columbia británica,CLOSED,,365,17,,Perfect Fitness Perfect Rip Deck,59.99000168,0,1/12/2017 3:31,Standard Class
DEBIT,3,2,4.909999847,122.8399963,Late delivery,1,18,Men's Footwear,Brooklyn,EE. UU.,10124,Home Office,NY,4,Apparel,40.6292305,-73.94178009,USCA,San Diego,Estados Unidos,10124,8/13/2016 15:17,40462,403,7.150000095,0.059999999,100970,129.9900055,0.039999999,1,129.9900055,122.8399963,4.909999847,West of USA ,California,COMPLETE,92037.0,403,18,,Nike Men's CJ Elite 2 TD Football Cleat,129.9900055,0,8/16/2016 15:17,Second Class
DEBIT,5,4,13.03999996,173.9299927,Late delivery,1,46,Indoor/Outdoor Games,Tempe,EE. UU.,5127,Consumer,AZ,7,Fan Shop,33.35738754,-111.9551849,Pacific Asia,Gold Coast,Australia,5127,1/2/2016 22:57,25139,1014,25.98999977,0.129999995,62991,49.97999954,0.079999998,4,199.9199982,173.9299927,13.03999996,Oceania,Queensland,COMPLETE,,1014,46,,O'Brien Men's Neoprene Life Vest,49.97999954,0,1/7/2016 22:57,Standard Class
PAYMENT,2,4,10.0,199.9900055,Advance shipping,0,48,Water Sports,Caguas,Puerto Rico,6692,Home Office,PR,7,Fan Shop,18.21487236,-66.37050629,LATAM,Chinautla,Guatemala,6692,4/15/2015 19:28,7181,1073,0.0,0.0,17980,199.9900055,0.050000001,1,199.9900055,199.9900055,10.0,Central America,Guatemala,PENDING_PAYMENT,,1073,48,,Pelican Sunstream 100 Kayak,199.9900055,0,4/17/2015 19:28,Standard Class
DEBIT,2,4,-6.369999886,489.9500122,Advance shipping,0,9,Cardio Equipment,Caguas,Puerto Rico,10191,Consumer,PR,3,Footwear,18.23155022,-66.37055969,LATAM,Panama City,Panamá,10191,2/20/2017 8:11,53526,191,10.0,0.02,133771,99.98999786,-0.01,5,499.9500122,489.9500122,-6.369999886,Central America,Panamá,COMPLETE,,191,9,,Nike Men's Free 5.0+ Running Shoe,99.98999786,0,2/22/2017 8:11,Standard Class
TRANSFER,2,4,26.37999916,90.95999908,Shipping canceled,0,46,Indoor/Outdoor Games,Chicago,EE. UU.,5755,Consumer,IL,7,Fan Shop,41.12160111,-87.73418427,Pacific Asia,Albury,Australia,5755,11/22/2015 0:25,22266,1014,9.0,0.090000004,55742,49.97999954,0.289999992,2,99.95999908,90.95999908,26.37999916,Oceania,Nueva Gales del Sur,SUSPECTED_FRAUD,,1014,46,,O'Brien Men's Neoprene Life Vest,49.97999954,0,11/24/2015 0:25,Standard Class
DEBIT,0,0,102.9000015,283.480011,Shipping on time,0,43,Camping & Hiking,New York,EE. UU.,5298,Consumer,NY,7,Fan Shop,40.85889053,-73.93106842,LATAM,La Romana,República Dominicana,5298,3/6/2017 3:16,54471,957,16.5,0.059999999,136225,299.980011,0.360000014,1,299.980011,283.480011,102.9000015,Caribbean,La Romana,COMPLETE,,957,43,,Diamondback Women's Serene Classic Comfort Bi,299.980011,0,3/6/2017 15:16,Same Day
CASH,3,2,17.95000076,284.980011,Late delivery,1,43,Camping & Hiking,Caguas,Puerto Rico,2830,Corporate,PR,7,Fan Shop,18.2565136,-66.37057495,USCA,Hesperia,Estados Unidos,2830,5/10/2016 12:47,33947,957,15.0,0.050000001,84713,299.980011,0.059999999,1,299.980011,284.980011,17.95000076,West of USA ,California,CLOSED,92345.0,957,43,,Diamondback Women's Serene Classic Comfort Bi,299.980011,0,5/13/2016 12:47,Second Class
TRANSFER,5,4,164.6300049,335.980011,Late delivery,1,45,Fishing,Wayne,EE. UU.,317,Consumer,NJ,7,Fan Shop,29.55552483,-95.71289825,USCA,Mcallen,Estados Unidos,317,8/15/2016 13:32,40594,1004,64.0,0.159999996,101272,399.980011,0.49000001,1,399.980011,335.980011,164.6300049,US Center ,Texas,PROCESSING,78501.0,1004,45,,Field & Stream Sportsman 16 Gun Fire Safe,399.980011,0,8/20/2016 13:32,Standard Class
PAYMENT,5,4,15.11999989,377.9599915,Late delivery,1,9,Cardio Equipment,Cleveland,EE. UU.,1961,Corporate,OH,3,Footwear,41.47253799,-81.73633575,Africa,Pretoria,SudAfrica,1961,11/4/2016 8:41,46129,191,22.0,0.059999999,115327,99.98999786,0.039999999,4,399.9599915,377.9599915,15.11999989,Southern Africa,Gauteng,PENDING_PAYMENT,,191,9,,Nike Men's Free 5.0+ Running Shoe,99.98999786,0,11/9/2016 8:41,Standard Class
DEBIT,4,4,92.12000275,195.9900055,Shipping on time,0,48,Water Sports,Glendale,EE. UU.,11912,Corporate,AZ,7,Fan Shop,33.66019821,-112.1931229,USCA,New York City,Estados Unidos,11912,6/1/2016 14:09,35458,1073,4.0,0.02,88577,199.9900055,0.469999999,1,199.9900055,195.9900055,92.12000275,East of USA,Nueva York,COMPLETE,10035.0,1073,48,,Pelican Sunstream 100 Kayak,199.9900055,0,6/5/2016 14:09,Standard Class
TRANSFER,4,4,61.75,189.9900055,Shipping on time,0,48,Water Sports,Aurora,EE. UU.,2106,Consumer,CO,7,Fan Shop,39.74543381,-104.8753815,Africa,Lagos,Nigeria,2106,12/8/2016 12:08,48468,1073,10.0,0.050000001,121216,199.9900055,0.330000013,1,199.9900055,189.9900055,61.75,West Africa,Lagos,PENDING,,1073,48,,Pelican Sunstream 100 Kayak,199.9900055,0,12/12/2016 12:08,Standard Class
DEBIT,4,2,55.09000015,196.7700043,Late delivery,1,17,Cleats,Caguas,Puerto Rico,6560,Corporate,PR,4,Apparel,18.28826523,-66.3706131,Europe,London,Reino Unido,6560,9/24/2017 18:45,68353,365,43.18999863,0.180000007,170883,59.99000168,0.280000001,4,239.9600067,196.7700043,55.09000015,Northern Europe,Inglaterra,COMPLETE,,365,17,,Perfect Fitness Perfect Rip Deck,59.99000168,0,9/28/2017 18:45,Second Class
TRANSFER,3,4,47.36999893,100.7799988,Advance shipping,0,17,Cleats,Caguas,Puerto Rico,11021,Consumer,PR,4,Apparel,18.29764557,-66.37055206,LATAM,Santo Domingo,República Dominicana,11021,3/12/2015 10:45,4827,365,19.20000076,0.159999996,12078,59.99000168,0.469999999,2,119.9800034,100.7799988,47.36999893,Caribbean,Santo Domingo,PENDING,,365,17,,Perfect Fitness Perfect Rip Deck,59.99000168,0,3/15/2015 10:45,Standard Class
TRANSFER,5,4,3.75,150.0,Late delivery,1,24,Women's Apparel,Caguas,Puerto Rico,2197,Consumer,PR,5,Golf,18.25911331,-66.3706131,LATAM,Mexico City,México,2197,4/12/2017 11:26,57029,502,0.0,0.0,142657,50.0,0.029999999,3,150.0,150.0,3.75,Central America,Distrito Federal,PENDING,,502,24,,Nike Men's Dri-FIT Victory Golf Polo,50.0,0,4/17/2017 11:26,Standard Class
DEBIT,0,0,-66.40000153,278.980011,Shipping on time,0,43,Camping & Hiking,Livermore,EE. UU.,5538,Corporate,CA,7,Fan Shop,37.3900528,-121.4688492,Africa,Mombasa,Kenia,5538,11/20/2016 7:58,47223,957,21.0,0.07,118037,299.980011,-0.239999995,1,299.980011,278.980011,-66.40000153,East Africa,Costa,COMPLETE,,957,43,,Diamondback Women's Serene Classic Comfort Bi,299.980011,0,11/20/2016 19:58,Same Day
PAYMENT,6,4,22.32999992,118.7600021,Late delivery,1,44,Hunting & Shooting,Corona,EE. UU.,6199,Consumer,NY,7,Fan Shop,40.74443436,-73.86535645,LATAM,Puno,Perú,6199,1/24/2017 7:42,51675,977,1.200000048,0.01,129118,29.98999977,0.189999998,4,119.9599991,118.7600021,22.32999992,South America,Puno,PENDING_PAYMENT,,977,44,,ENO Atlas Hammock Straps,29.98999977,0,1/30/2017 7:42,Standard Class
PAYMENT,5,4,41.45999908,115.1699982,Late delivery,1,29,Shop By Sport,Laredo,EE. UU.,10286,Home Office,TX,5,Golf,27.47508431,-99.46860504,USCA,Milwaukee,Estados Unidos,10286,8/10/2016 5:39,40229,627,4.800000191,0.039999999,100382,39.99000168,0.360000014,3,119.9700012,115.1699982,41.45999908,US Center ,Wisconsin,PENDING_PAYMENT,53209.0,627,29,,Under Armour Girls' Toddler Spine Surge Runni,39.99000168,0,8/15/2016 5:39,Standard Class
PAYMENT,2,4,115.1900024,383.980011,Advance shipping,0,45,Fishing,Powder Springs,EE. UU.,3790,Consumer,GA,7,Fan Shop,33.86013031,-84.68437958,Africa,Igurusi,Tanzania,3790,12/1/2016 7:46,47976,1004,16.0,0.039999999,119985,399.980011,0.300000012,1,399.980011,383.980011,115.1900024,East Africa,Mbeya,PENDING_PAYMENT,,1004,45,,Field & Stream Sportsman 16 Gun Fire Safe,399.980011,0,12/3/2016 7:46,Standard Class
PAYMENT,2,4,19.85000038,49.63000107,Advance shipping,0,60,Baby ,Caguas,Puerto Rico,12749,Consumer,PR,4,Apparel,18.25649071,-66.0370636,Europe,Hamburgo,Alemania,12749,10/7/2017 2:05,69196,1347,9.449999809,0.159999996,172511,59.08000183,0.400000006,1,59.08000183,49.63000107,19.85000038,Western Europe,Hamburgo,PENDING_PAYMENT,,1347,60,,Baby sweater,59.08000183,0,10/9/2017 2:05,Standard Class
TRANSFER,5,4,41.75,260.9599915,Late delivery,1,17,Cleats,San Bernardino,EE. UU.,8655,Corporate,CA,4,Apparel,34.11592865,-117.2950821,USCA,San Diego,Estados Unidos,8655,6/24/2016 19:33,37049,365,38.99000168,0.129999995,92448,59.99000168,0.159999996,5,299.9500122,260.9599915,41.75,West of USA ,California,PENDING,92037.0,365,17,,Perfect Fitness Perfect Rip Deck,59.99000168,0,6/29/2016 19:33,Standard Class
CASH,1,0,61.11000061,290.980011,Late delivery,1,43,Camping & Hiking,Philadelphia,EE. UU.,11931,Corporate,PA,7,Fan Shop,39.95473099,-75.20536804,Pacific Asia,Kostanái,Kazajistán,11931,11/1/2016 14:07,45939,957,9.0,0.029999999,114810,299.980011,0.209999993,1,299.980011,290.980011,61.11000061,Central Asia,Kostanái,CLOSED,,957,43,,Diamondback Women's Serene Classic Comfort Bi,299.980011,0,11/2/2016 2:07,Same Day
DEBIT,2,4,-204.8999939,245.9799957,Advance shipping,0,43,Camping & Hiking,Caguas,Puerto Rico,2074,Corporate,PR,7,Fan Shop,18.25816155,-66.37056732,Europe,Plock,Polonia,2074,8/30/2016 8:05,41606,957,54.0,0.180000007,103853,299.980011,-0.829999983,1,299.980011,245.9799957,-204.8999939,Eastern Europe,Mazovia,COMPLETE,,957,43,,Diamondback Women's Serene Classic Comfort Bi,299.980011,0,9/1/2016 8:05,Standard Class
DEBIT,3,2,12.22000027,194.0,Late delivery,1,24,Women's Apparel,Santa Clara,EE. UU.,7069,Corporate,CA,5,Golf,37.34420395,-121.9884415,LATAM,Chinandega,Nicaragua,7069,1/31/2017 8:34,52157,502,6.0,0.029999999,130317,50.0,0.059999999,4,200.0,194.0,12.22000027,Central America,Chinandega,ON_HOLD,,502,24,,Nike Men's Dri-FIT Victory Golf Polo,50.0,0,2/3/2017 8:34,Second Class
DEBIT,2,1,-32.81000137,78.48999786,Late delivery,1,72,Pet Supplies,Greenville,EE. UU.,16496,Corporate,NC,11,Pet Shop,35.57654572,-77.35910797,Pacific Asia,Bendigo,Australia,16496,11/30/2017 18:49,72943,1359,5.909999847,0.07,176258,84.40000153,-0.419999987,1,84.40000153,78.48999786,-32.81000137,Oceania,Victoria,COMPLETE,,1359,72,,Adult dog supplies,84.40000153,0,12/2/2017 18:49,First Class
PAYMENT,4,4,56.84999847,113.6999969,Shipping on time,0,40,Accessories,Apex,EE. UU.,11606,Consumer,NC,6,Outdoors,35.73103714,-78.85575104,Pacific Asia,Surabaya,Indonesia,11606,11/12/2015 16:54,21628,886,11.25,0.090000004,54087,24.98999977,0.5,5,124.9499969,113.6999969,56.84999847,Southeast Asia,Java Oriental,PENDING_PAYMENT,,886,40,,Team Golf San Francisco Giants Putter Grip,24.98999977,0,11/16/2015 16:54,Standard Class
DEBIT,6,4,45.0,199.9900055,Late delivery,1,48,Water Sports,Irving,EE. UU.,12178,Consumer,TX,7,Fan Shop,32.82715988,-97.00611877,Europe,Ginebra,Suiza,12178,6/22/2015 9:13,11810,1073,0.0,0.0,29532,199.9900055,0.230000004,1,199.9900055,199.9900055,45.0,Western Europe,Ginebra,ON_HOLD,,1073,48,,Pelican Sunstream 100 Kayak,199.9900055,0,6/28/2015 9:13,Standard Class
PAYMENT,6,4,2.25999999,11.31000042,Late delivery,1,74,Toys,Los Angeles,EE. UU.,19628,Corporate,CA,7,Fan Shop,34.03234482,-118.3598175,Pacific Asia,Fukuyama,Japón,19628,1/15/2018 12:06,76075,1361,0.230000004,0.02,179390,11.53999996,0.200000003,1,11.53999996,11.31000042,2.25999999,Eastern Asia,Hiroshima,PENDING_PAYMENT,,1361,74,,Toys ,11.53999996,0,1/21/2018 12:06,Standard Class
DEBIT,2,2,22.62000084,86.98999786,Shipping on time,0,9,Cardio Equipment,Caguas,Puerto Rico,11597,Consumer,PR,3,Footwear,18.2200489,-66.3705368,Africa,Warri,Nigeria,11597,10/23/2016 4:51,45296,191,13.0,0.129999995,113179,99.98999786,0.25999999,1,99.98999786,86.98999786,22.62000084,West Africa,Delta,COMPLETE,,191,9,,Nike Men's Free 5.0+ Running Shoe,99.98999786,0,10/25/2016 4:51,Second Class
PAYMENT,5,2,-2.869999886,50.38999939,Late delivery,1,17,Cleats,Aurora,EE. UU.,2228,Corporate,CO,4,Apparel,39.74221039,-104.8376007,Europe,Dublín,Irlanda,2228,7/4/2015 2:53,12614,365,9.600000381,0.159999996,31585,59.99000168,-0.059999999,1,59.99000168,50.38999939,-2.869999886,Northern Europe,Dublín,PENDING_PAYMENT,,365,17,,Perfect Fitness Perfect Rip Deck,59.99000168,0,7/9/2015 2:53,Second Class
TRANSFER,6,4,14.61999989,116.9899979,Shipping canceled,0,18,Men's Footwear,Moreno Valley,EE. UU.,6737,Consumer,CA,4,Apparel,33.94717026,-117.253624,Pacific Asia,Shenyang,China,6737,3/8/2016 21:07,29655,403,13.0,0.100000001,74185,129.9900055,0.129999995,1,129.9900055,116.9899979,14.61999989,Eastern Asia,Liaoning,SUSPECTED_FRAUD,,403,18,,Nike Men's CJ Elite 2 TD Football Cleat,129.9900055,0,3/14/2016 21:07,Standard Class
TRANSFER,4,4,45.34000015,125.9499969,Shipping on time,0,46,Indoor/Outdoor Games,Caguas,Puerto Rico,4579,Consumer,PR,7,Fan Shop,18.28805351,-66.37060547,Europe,Narbonne,Francia,4579,7/7/2017 5:22,62903,1014,23.98999977,0.159999996,157295,49.97999954,0.360000014,3,149.9400024,125.9499969,45.34000015,Western Europe,Languedoc-Rosellón-Mediodía-Pirineos,PENDING,,1014,46,,O'Brien Men's Neoprene Life Vest,49.97999954,0,7/11/2017 5:22,Standard Class
TRANSFER,4,4,106.7099991,293.980011,Shipping on time,0,43,Camping & Hiking,New York,EE. UU.,11211,Consumer,NY,7,Fan Shop,40.83852005,-73.94216919,USCA,Houston,Estados Unidos,11211,6/24/2016 10:27,37023,957,6.0,0.02,92384,299.980011,0.360000014,1,299.980011,293.980011,106.7099991,US Center ,Texas,PROCESSING,77095.0,957,43,,Diamondback Women's Serene Classic Comfort Bi,299.980011,0,6/28/2016 10:27,Standard Class
DEBIT,3,4,11.89000034,97.48999786,Advance shipping,0,18,Men's Footwear,Caguas,Puerto Rico,8589,Home Office,PR,4,Apparel,18.29294014,-66.37058258,USCA,Seattle,Estados Unidos,8589,7/27/2016 9:53,39282,403,32.5,0.25,98069,129.9900055,0.119999997,1,129.9900055,97.48999786,11.89000034,West of USA ,Washington,COMPLETE,98115.0,403,18,,Nike Men's CJ Elite 2 TD Football Cleat,129.9900055,0,7/30/2016 9:53,Standard Class
TRANSFER,3,4,-600.5700073,363.980011,Advance shipping,0,45,Fishing,Bronx,EE. UU.,11069,Consumer,NY,7,Fan Shop,40.84625626,-73.84725189,LATAM,Jiutepec,México,11069,2/21/2017 17:49,53622,1004,36.0,0.090000004,134033,399.980011,-1.649999976,1,399.980011,363.980011,-600.5700073,Central America,Morelos,PENDING,,1004,45,,Field & Stream Sportsman 16 Gun Fire Safe,399.980011,0,2/24/2017 17:49,Standard Class
TRANSFER,5,2,73.80000305,245.9799957,Late delivery,1,43,Camping & Hiking,Merced,EE. UU.,6129,Home Office,CA,7,Fan Shop,37.30478287,-120.4830017,Europe,Bochum,Alemania,6129,9/28/2017 3:40,68584,957,54.0,0.180000007,171471,299.980011,0.300000012,1,299.980011,245.9799957,73.80000305,Western Europe,Renania del Norte-Westfalia,PROCESSING,,957,43,,Diamondback Women's Serene Classic Comfort Bi,299.980011,0,10/3/2017 3:40,Second Class
DEBIT,5,4,15.14000034,52.18999863,Late delivery,1,3,Baseball & Softball,Jersey City,EE. UU.,3586,Corporate,NJ,2,Fitness,40.70602036,-74.08685303,Africa,Casablanca,Marruecos,3586,12/16/2016 14:56,49024,44,7.800000191,0.129999995,122566,59.99000168,0.289999992,1,59.99000168,52.18999863,15.14000034,North Africa,Gran Casablanca,COMPLETE,,44,3,,adidas Men's F10 Messi TRX FG Soccer Cleat,59.99000168,0,12/21/2016 14:56,Standard Class
DEBIT,2,1,65.55000305,142.5,Late delivery,1,24,Women's Apparel,Caguas,Puerto Rico,696,Consumer,PR,5,Golf,18.22582817,-66.04576111,LATAM,Gómez Palacio,México,696,4/28/2015 5:37,8032,502,7.5,0.050000001,20070,50.0,0.460000008,3,150.0,142.5,65.55000305,Central America,Durango,COMPLETE,,502,24,,Nike Men's Dri-FIT Victory Golf Polo,50.0,0,4/30/2015 5:37,First Class
DEBIT,6,4,80.33999634,167.3699951,Late delivery,1,17,Cleats,Caguas,Puerto Rico,5260,Consumer,PR,4,Apparel,18.22116089,-66.37051392,Pacific Asia,Kuala Lumpur,Malasia,5260,3/17/2016 3:03,30220,365,12.60000038,0.07,75511,59.99000168,0.479999989,3,179.9700012,167.3699951,80.33999634,Southeast Asia,Kuala Lumpur,ON_HOLD,,365,17,,Perfect Fitness Perfect Rip Deck,59.99000168,0,3/23/2016 3:03,Standard Class
TRANSFER,4,4,44.88000107,263.980011,Shipping on time,0,43,Camping & Hiking,Caguas,Puerto Rico,5715,Corporate,PR,7,Fan Shop,18.2375145,-66.3705368,LATAM,San Luis Potosí,México,5715,5/2/2017 23:19,58433,957,36.0,0.119999997,146263,299.980011,0.170000002,1,299.980011,263.980011,44.88000107,Central America,San Luis Potosí,PROCESSING,,957,43,,Diamondback Women's Serene Classic Comfort Bi,299.980011,0,5/6/2017 23:19,Standard Class
DEBIT,2,1,77.0,220.0099945,Late delivery,1,65,Consumer Electronics,Caguas,Puerto Rico,18180,Consumer,PR,10,Technology,18.2480278,-66.03705597,Pacific Asia,Yakarta,Indonesia,18180,12/25/2017 8:48,74627,1352,32.86999893,0.129999995,177942,252.8800049,0.349999994,1,252.8800049,220.0099945,77.0,Southeast Asia,Yakarta,COMPLETE,,1352,65,,Industrial consumer electronics,252.8800049,0,12/27/2017 8:48,First Class
DEBIT,6,4,15.59000015,47.25,Late delivery,1,24,Women's Apparel,Orlando,EE. UU.,6791,Consumer,FL,5,Golf,28.0864048,-81.5091095,Europe,Bilbao,España,6791,8/8/2017 7:04,65100,502,2.75,0.059999999,162693,50.0,0.330000013,1,50.0,47.25,15.59000015,Southern Europe,País Vasco,COMPLETE,,502,24,,Nike Men's Dri-FIT Victory Golf Polo,50.0,0,8/14/2017 7:04,Standard Class
PAYMENT,4,4,27.12000084,239.9600067,Shipping on time,0,17,Cleats,Chesapeake,EE. UU.,9873,Corporate,VA,4,Apparel,36.70524979,-76.2432785,USCA,Skokie,Estados Unidos,9873,5/8/2016 8:35,33798,365,59.99000168,0.200000003,84359,59.99000168,0.109999999,5,299.9500122,239.9600067,27.12000084,US Center ,Illinois,PENDING_PAYMENT,60076.0,365,17,,Perfect Fitness Perfect Rip Deck,59.99000168,0,5/12/2016 8:35,Standard Class
PAYMENT,5,4,-53.99000168,239.9600067,Late delivery,1,17,Cleats,Caguas,Puerto Rico,3696,Corporate,PR,4,Apparel,18.21806908,-66.37051392,USCA,Jackson,Estados Unidos,3696,5/24/2016 3:19,34879,365,0.0,0.0,87127,59.99000168,-0.230000004,4,239.9600067,239.9600067,-53.99000168,US Center ,Michigan,PENDING_PAYMENT,49201.0,365,17,,Perfect Fitness Perfect Rip Deck,59.99000168,0,5/29/2016 3:19,Standard Class
CASH,6,4,107.8700027,371.980011,Late delivery,1,45,Fishing,Sandusky,EE. UU.,7416,Corporate,OH,7,Fan Shop,41.44783402,-82.8425293,LATAM,Buenos Aires,Argentina,7416,3/8/2015 7:57,4545,1004,28.0,0.07,11373,399.980011,0.289999992,1,399.980011,371.980011,107.8700027,South America,Buenos Aires,CLOSED,,1004,45,,Field & Stream Sportsman 16 Gun Fire Safe,399.980011,0,3/14/2015 7:57,Standard Class
CASH,4,2,114.7900009,327.980011,Late delivery,1,45,Fishing,Tucson,EE. UU.,7278,Corporate,AZ,7,Fan Shop,32.14681625,-111.1331253,Pacific Asia,Zanyán,Irán,7278,11/21/2016 20:45,47328,1004,72.0,0.180000007,118315,399.980011,0.349999994,1,399.980011,327.980011,114.7900009,South Asia,Zanyán,CLOSED,,1004,45,,Field & Stream Sportsman 16 Gun Fire Safe,399.980011,0,11/25/2016 20:45,Second Class
TRANSFER,3,4,54.22000122,149.3800049,Advance shipping,0,17,Cleats,Bolingbrook,EE. UU.,11928,Consumer,IL,4,Apparel,41.72460938,-88.0645752,Europe,Florence,Italia,11928,8/10/2015 4:04,15152,365,30.59000015,0.170000002,37902,59.99000168,0.360000014,3,179.9700012,149.3800049,54.22000122,Southern Europe,Toscana,PROCESSING,,365,17,,Perfect Fitness Perfect Rip Deck,59.99000168,0,8/13/2015 4:04,Standard Class
TRANSFER,1,0,26.98999977,71.98000336,Late delivery,1,29,Shop By Sport,Caguas,Puerto Rico,870,Consumer,PR,5,Golf,18.24640656,-66.18754578,Africa,Garoua,Camerún,870,10/9/2016 21:41,44385,627,8.0,0.100000001,110798,39.99000168,0.379999995,2,79.98000336,71.98000336,26.98999977,Central Africa,Nord,PROCESSING,,627,29,,Under Armour Girls' Toddler Spine Surge Runni,39.99000168,0,10/10/2016 9:41,Same Day
DEBIT,2,1,50.68000031,105.5699997,Late delivery,1,29,Shop By Sport,Brandon,EE. UU.,5705,Home Office,FL,5,Golf,27.91247559,-82.3192749,Pacific Asia,Herat,Afganistán,5705,3/6/2016 2:33,29465,627,14.39999962,0.119999997,73722,39.99000168,0.479999989,3,119.9700012,105.5699997,50.68000031,South Asia,Herat,COMPLETE,,627,29,,Under Armour Girls' Toddler Spine Surge Runni,39.99000168,0,3/8/2016 2:33,First Class
CASH,4,4,-22.10000038,110.4899979,Shipping on time,0,18,Men's Footwear,Longmont,EE. UU.,1398,Consumer,CO,4,Apparel,40.21243668,-105.244194,LATAM,Managua,Nicaragua,1398,5/21/2015 12:46,9628,403,19.5,0.150000006,24045,129.9900055,-0.200000003,1,129.9900055,110.4899979,-22.10000038,Central America,Managua,CLOSED,,403,18,,Nike Men's CJ Elite 2 TD Football Cleat,129.9900055,0,5/25/2015 12:46,Standard Class
DEBIT,2,4,195.9900055,391.980011,Advance shipping,0,45,Fishing,Caguas,Puerto Rico,11829,Corporate,PR,7,Fan Shop,18.29114914,-66.3706131,Pacific Asia,Bangkok,Tailandia,11829,2/17/2016 9:14,28251,1004,8.0,0.02,70663,399.980011,0.5,1,399.980011,391.980011,195.9900055,Southeast Asia,Bangkok,COMPLETE,,1004,45,,Field & Stream Sportsman 16 Gun Fire Safe,399.980011,0,2/19/2016 9:14,Standard Class
CASH,2,4,34.0,339.980011,Advance shipping,0,45,Fishing,Caguas,Puerto Rico,10015,Consumer,PR,7,Fan Shop,18.29110909,-66.3706131,LATAM,Chaguanas,Trinidad y Tobago,10015,3/10/2017 3:36,54746,1004,60.0,0.150000006,136918,399.980011,0.100000001,1,399.980011,339.980011,34.0,Caribbean,Chaguanas,CLOSED,,1004,45,,Field & Stream Sportsman 16 Gun Fire Safe,399.980011,0,3/12/2017 3:36,Standard Class
CASH,3,2,12.25,49.0,Late delivery,1,24,Women's Apparel,Caguas,Puerto Rico,5473,Consumer,PR,5,Golf,18.27300644,-66.37050629,Europe,Coudekerque-Branche,Francia,5473,7/21/2017 8:51,63872,502,1.0,0.02,159650,50.0,0.25,1,50.0,49.0,12.25,Western Europe,Norte-Paso de Calais-Picardía,CLOSED,,502,24,,Nike Men's Dri-FIT Victory Golf Polo,50.0,0,7/24/2017 8:51,Second Class
DEBIT,2,4,54.66999817,111.5800018,Advance shipping,0,17,Cleats,Caguas,Puerto Rico,4975,Consumer,PR,4,Apparel,18.29536629,-66.3705368,LATAM,Tegucigalpa,Honduras,4975,4/10/2017 4:05,56871,365,8.399999619,0.07,142254,59.99000168,0.49000001,2,119.9800034,111.5800018,54.66999817,Central America,Francisco Morazán,COMPLETE,,365,17,,Perfect Fitness Perfect Rip Deck,59.99000168,0,4/12/2017 4:05,Standard Class
TRANSFER,2,1,49.68999863,147.0,Late delivery,1,24,Women's Apparel,Tucson,EE. UU.,3906,Corporate,AZ,5,Golf,32.14317322,-111.1423111,Africa,Kalemie,República Democrática del Congo,3906,11/15/2016 21:27,46919,502,3.0,0.02,117282,50.0,0.340000004,3,150.0,147.0,49.68999863,Central Africa,Katanga,PENDING,,502,24,,Nike Men's Dri-FIT Victory Golf Polo,50.0,0,11/17/2016 21:27,First Class
PAYMENT,4,4,76.25,185.9799957,Shipping on time,0,9,Cardio Equipment,Caguas,Puerto Rico,2927,Home Office,PR,3,Footwear,18.22215653,-66.37059784,USCA,Westfield,Estados Unidos,2927,6/26/2016 23:45,37198,191,14.0,0.07,92848,99.98999786,0.409999996,2,199.9799957,185.9799957,76.25,East of USA,Nueva Jersey,PENDING_PAYMENT,7090.0,191,9,,Nike Men's Free 5.0+ Running Shoe,99.98999786,0,6/30/2016 23:45,Standard Class
TRANSFER,2,4,98.59999847,339.980011,Advance shipping,0,45,Fishing,Caguas,Puerto Rico,3933,Consumer,PR,7,Fan Shop,18.25457573,-66.3706131,LATAM,Blumenau,Brasil,3933,2/27/2017 10:06,54011,1004,60.0,0.150000006,135052,399.980011,0.289999992,1,399.980011,339.980011,98.59999847,South America,Santa Catarina,PENDING,,1004,45,,Field & Stream Sportsman 16 Gun Fire Safe,399.980011,0,3/1/2017 10:06,Standard Class
TRANSFER,6,4,-6.71999979,59.5,Late delivery,1,37,Electronics,Santa Cruz,EE. UU.,12241,Home Office,CA,6,Outdoors,36.97051239,-122.0238266,Pacific Asia,Qom,Irán,12241,12/24/2016 19:29,49585,835,4.480000019,0.07,123925,31.98999977,-0.109999999,2,63.97999954,59.5,-6.71999979,South Asia,Qom,PENDING,,835,37,,Bridgestone e6 Straight Distance NFL Carolina,31.98999977,0,12/30/2016 19:29,Standard Class
PAYMENT,6,4,0.0,35.18999863,Late delivery,1,29,Shop By Sport,Orlando,EE. UU.,3878,Home Office,FL,5,Golf,28.51626968,-81.30583191,USCA,Jacksonville,Estados Unidos,3878,5/22/2016 9:37,34760,627,4.800000191,0.119999997,86837,39.99000168,0.0,1,39.99000168,35.18999863,0.0,South of  USA ,Florida,PENDING_PAYMENT,32216.0,627,29,,Under Armour Girls' Toddler Spine Surge Runni,39.99000168,0,5/28/2016 9:37,Standard Class
TRANSFER,4,4,59.15000153,118.2900009,Shipping on time,0,18,Men's Footwear,Caguas,Puerto Rico,1154,Consumer,PR,4,Apparel,18.27991867,-66.37052155,Europe,Le Mans,Francia,1154,9/14/2015 21:00,17598,403,11.69999981,0.090000004,43995,129.9900055,0.5,1,129.9900055,118.2900009,59.15000153,Western Europe,Países del Loira,PROCESSING,,403,18,,Nike Men's CJ Elite 2 TD Football Cleat,129.9900055,0,9/18/2015 21:00,Standard Class
TRANSFER,2,4,9.489999771,107.8899994,Advance shipping,0,18,Men's Footwear,Caguas,Puerto Rico,5286,Consumer,PR,4,Apparel,18.20472527,-66.3705368,Europe,Viena,Austria,5286,9/30/2015 16:26,18681,403,22.10000038,0.170000002,46685,129.9900055,0.090000004,1,129.9900055,107.8899994,9.489999771,Western Europe,Viena,PROCESSING,,403,18,,Nike Men's CJ Elite 2 TD Football Cleat,129.9900055,0,10/2/2015 16:26,Standard Class
DEBIT,1,0,13.28999996,117.5800018,Late delivery,1,17,Cleats,Long Beach,EE. UU.,8049,Consumer,CA,4,Apparel,33.83962631,-118.190979,LATAM,Victoria,México,8049,3/21/2017 13:13,55527,365,2.400000095,0.02,138874,59.99000168,0.109999999,2,119.9800034,117.5800018,13.28999996,Central America,Tamaulipas,COMPLETE,,365,17,,Perfect Fitness Perfect Rip Deck,59.99000168,0,3/22/2017 1:13,Same Day
PAYMENT,6,4,3.539999962,47.25,Late delivery,1,24,Women's Apparel,Springfield,EE. UU.,3710,Consumer,MO,5,Golf,37.18563843,-93.30171204,Europe,Viena,Austria,3710,8/4/2017 1:28,64810,502,2.75,0.059999999,162000,50.0,0.079999998,1,50.0,47.25,3.539999962,Western Europe,Viena,PENDING_PAYMENT,,502,24,,Nike Men's Dri-FIT Victory Golf Polo,50.0,0,8/10/2017 1:28,Standard Class
DEBIT,3,4,34.91999817,111.5800018,Advance shipping,0,17,Cleats,Caguas,Puerto Rico,5862,Corporate,PR,4,Apparel,18.24481773,-66.37062073,Europe,Fontenay-aux-Roses,Francia,5862,6/3/2015 22:44,10547,365,8.399999619,0.07,26412,59.99000168,0.310000002,2,119.9800034,111.5800018,34.91999817,Western Europe,Isla de Francia,COMPLETE,,365,17,,Perfect Fitness Perfect Rip Deck,59.99000168,0,6/6/2015 22:44,Standard Class
DEBIT,6,4,83.79000092,174.5700073,Late delivery,1,17,Cleats,Caguas,Puerto Rico,6785,Corporate,PR,4,Apparel,18.29262543,-66.37062073,Europe,Nantes,Francia,6785,7/20/2015 13:23,13740,365,5.400000095,0.029999999,34409,59.99000168,0.479999989,3,179.9700012,174.5700073,83.79000092,Western Europe,Países del Loira,ON_HOLD,,365,17,,Perfect Fitness Perfect Rip Deck,59.99000168,0,7/26/2015 13:23,Standard Class
CASH,2,4,25.87000084,293.9500122,Advance shipping,0,17,Cleats,Caguas,Puerto Rico,4724,Corporate,PR,4,Apparel,18.23826981,-66.37050629,Europe,Mansfield,Reino Unido,4724,7/31/2015 1:58,14461,365,6.0,0.02,36163,59.99000168,0.090000004,5,299.9500122,293.9500122,25.87000084,Northern Europe,Inglaterra,CLOSED,,365,17,,Perfect Fitness Perfect Rip Deck,59.99000168,0,8/2/2015 1:58,Standard Class
TRANSFER,6,4,-25.54999924,156.7599945,Late delivery,1,29,Shop By Sport,Union City,EE. UU.,6248,Consumer,CA,5,Golf,37.58462524,-122.0175552,Europe,Hanover,Alemania,6248,9/13/2015 17:41,17520,627,3.200000048,0.02,43800,39.99000168,-0.159999996,4,159.9600067,156.7599945,-25.54999924,Western Europe,Baja Sajonia,PROCESSING,,627,29,,Under Armour Girls' Toddler Spine Surge Runni,39.99000168,0,9/19/2015 17:41,Standard Class
DEBIT,1,0,18.5,39.34999847,Late delivery,1,75,Video Games,Caguas,Puerto Rico,20332,Corporate,PR,9,Discs Shop,18.21610832,-66.03705597,Pacific Asia,Kanpur,India,20332,1/25/2018 18:45,76779,1362,0.400000006,0.01,180094,39.75,0.469999999,1,39.75,39.34999847,18.5,South Asia,Uttar Pradesh,COMPLETE,,1362,75,,Fighting video games,39.75,0,1/26/2018 6:45,Same Day
DEBIT,2,1,74.08999634,284.9700012,Late delivery,1,9,Cardio Equipment,Caguas,Puerto Rico,10441,Consumer,PR,3,Footwear,18.24645233,-66.37052155,USCA,Seattle,Estados Unidos,10441,4/15/2016 15:06,32241,191,15.0,0.050000001,80631,99.98999786,0.25999999,3,299.9700012,284.9700012,74.08999634,West of USA ,Washington,COMPLETE,98105.0,191,9,,Nike Men's Free 5.0+ Running Shoe,99.98999786,0,4/17/2016 15:06,First Class
TRANSFER,2,1,55.68000031,191.9900055,Late delivery,1,48,Water Sports,Caguas,Puerto Rico,774,Corporate,PR,7,Fan Shop,18.2275734,-66.04454041,LATAM,Manzanillo,México,774,4/16/2017 1:16,57274,1073,8.0,0.039999999,143262,199.9900055,0.289999992,1,199.9900055,191.9900055,55.68000031,Central America,Colima,PROCESSING,,1073,48,,Pelican Sunstream 100 Kayak,199.9900055,0,4/18/2017 1:16,First Class
DEBIT,2,1,32.8199997,121.5599976,Late delivery,1,37,Electronics,Caguas,Puerto Rico,2334,Consumer,PR,6,Outdoors,18.23200226,-66.37055969,Africa,Makurdi,Nigeria,2334,12/2/2016 23:22,48089,835,6.400000095,0.050000001,120253,31.98999977,0.270000011,4,127.9599991,121.5599976,32.8199997,West Africa,Benue,COMPLETE,,835,37,,Bridgestone e6 Straight Distance NFL Carolina,31.98999977,0,12/4/2016 23:22,First Class
TRANSFER,5,2,19.88999939,110.4899979,Late delivery,1,18,Men's Footwear,Cleveland,EE. UU.,5727,Corporate,OH,4,Apparel,41.48012161,-81.7350769,LATAM,Sahuayo de José María Morelos,México,5727,4/9/2017 15:07,56834,403,19.5,0.150000006,142155,129.9900055,0.180000007,1,129.9900055,110.4899979,19.88999939,Central America,Michoacán,PROCESSING,,403,18,,Nike Men's CJ Elite 2 TD Football Cleat,129.9900055,0,4/14/2017 15:07,Second Class
TRANSFER,5,4,181.9900055,363.980011,Late delivery,1,45,Fishing,Caguas,Puerto Rico,528,Consumer,PR,7,Fan Shop,18.22757721,-66.04357147,Africa,Cairo,Egipto,528,1/13/2017 8:35,50924,1004,36.0,0.090000004,127265,399.980011,0.5,1,399.980011,363.980011,181.9900055,North Africa,El Cairo,PROCESSING,,1004,45,,Field & Stream Sportsman 16 Gun Fire Safe,399.980011,0,1/18/2017 8:35,Standard Class
DEBIT,2,4,8.399999619,119.9899979,Advance shipping,0,32,Golf Apparel,Caguas,Puerto Rico,290,Consumer,PR,6,Outdoors,18.22408295,-66.04710388,Europe,Cologne,Alemania,290,8/23/2017 20:32,66166,705,0.0,0.0,165395,119.9899979,0.07,1,119.9899979,119.9899979,8.399999619,Western Europe,Renania del Norte-Westfalia,COMPLETE,,705,32,,Cleveland Golf Women's 588 RTX CB Satin Chrom,119.9899979,0,8/25/2017 20:32,Standard Class
TRANSFER,6,2,147.1900024,319.9700012,Late delivery,1,9,Cardio Equipment,Caguas,Puerto Rico,10253,Consumer,PR,3,Footwear,18.21958351,-66.3706131,Europe,Nogent-sur-Oise,Francia,10253,7/24/2015 15:28,14020,191,79.98999786,0.200000003,35086,99.98999786,0.460000008,4,399.9599915,319.9700012,147.1900024,Western Europe,Norte-Paso de Calais-Picardía,PROCESSING,,191,9,,Nike Men's Free 5.0+ Running Shoe,99.98999786,0,7/30/2015 15:28,Second Class
PAYMENT,4,2,29.47999954,109.1900024,Late delivery,1,18,Men's Footwear,Caguas,Puerto Rico,8259,Corporate,PR,4,Apparel,18.27152634,-66.37055969,Pacific Asia,Cairns,Australia,8259,3/22/2016 3:13,30563,403,20.79999924,0.159999996,76401,129.9900055,0.270000011,1,129.9900055,109.1900024,29.47999954,Oceania,Queensland,PENDING_PAYMENT,,403,18,,Nike Men's CJ Elite 2 TD Football Cleat,129.9900055,0,3/26/2016 3:13,Second Class
DEBIT,2,1,19.60000038,391.980011,Late delivery,1,45,Fishing,Caguas,Puerto Rico,3663,Consumer,PR,7,Fan Shop,18.25025749,-66.37056732,Europe,London,Reino Unido,3663,8/17/2015 9:50,15648,1004,8.0,0.02,39123,399.980011,0.050000001,1,399.980011,391.980011,19.60000038,Northern Europe,Inglaterra,COMPLETE,,1004,45,,Field & Stream Sportsman 16 Gun Fire Safe,399.980011,0,8/19/2015 9:50,First Class
PAYMENT,2,1,30.54000092,145.4400024,Late delivery,1,46,Indoor/Outdoor Games,Dearborn,EE. UU.,9058,Home Office,MI,7,Fan Shop,42.32353973,-83.17635346,USCA,Salem,Estados Unidos,9058,8/2/2016 15:07,39708,1014,4.5,0.029999999,99057,49.97999954,0.209999993,3,149.9400024,145.4400024,30.54000092,South of  USA ,Virginia,PENDING_PAYMENT,24153.0,1014,46,,O'Brien Men's Neoprene Life Vest,49.97999954,0,8/4/2016 15:07,First Class
TRANSFER,3,4,74.36000061,237.5599976,Advance shipping,0,17,Cleats,Caguas,Puerto Rico,7723,Consumer,PR,4,Apparel,18.22556877,-66.37054443,LATAM,Mexico City,México,7723,1/19/2017 5:47,51327,365,2.400000095,0.01,128280,59.99000168,0.310000002,4,239.9600067,237.5599976,74.36000061,Central America,Distrito Federal,PENDING,,365,17,,Perfect Fitness Perfect Rip Deck,59.99000168,0,1/22/2017 5:47,Standard Class
DEBIT,1,0,53.97999954,112.4599991,Late delivery,1,46,Indoor/Outdoor Games,Victorville,EE. UU.,6005,Consumer,CA,7,Fan Shop,34.50935745,-117.3302917,Pacific Asia,Seúl,Corea del Sur,6005,1/5/2016 15:46,25324,1014,37.49000168,0.25,63428,49.97999954,0.479999989,3,149.9400024,112.4599991,53.97999954,Eastern Asia,Seúl,COMPLETE,,1014,46,,O'Brien Men's Neoprene Life Vest,49.97999954,0,1/6/2016 3:46,Same Day
DEBIT,3,4,3.24000001,107.8899994,Advance shipping,0,18,Men's Footwear,Caguas,Puerto Rico,370,Consumer,PR,4,Apparel,18.24761772,-66.02529144,USCA,Meriden,Estados Unidos,370,7/5/2016 0:06,37747,403,22.10000038,0.170000002,94205,129.9900055,0.029999999,1,129.9900055,107.8899994,3.24000001,East of USA,Connecticut,COMPLETE,6450.0,403,18,,Nike Men's CJ Elite 2 TD Football Cleat,129.9900055,0,7/8/2016 0:06,Standard Class
CASH,2,4,10.80000019,143.9400024,Advance shipping,0,46,Indoor/Outdoor Games,Cordova,EE. UU.,8467,Home Office,TN,7,Fan Shop,35.15819168,-89.78479767,LATAM,Guadalajara,México,8467,5/10/2017 12:48,58951,1014,6.0,0.039999999,147561,49.97999954,0.079999998,3,149.9400024,143.9400024,10.80000019,Central America,Jalisco,CLOSED,,1014,46,,O'Brien Men's Neoprene Life Vest,49.97999954,0,5/12/2017 12:48,Standard Class
DEBIT,2,4,31.59000015,116.9899979,Advance shipping,0,18,Men's Footwear,Caguas,Puerto Rico,12225,Corporate,PR,4,Apparel,18.27284432,-66.37058258,LATAM,San Miguelito,Panamá,12225,3/21/2017 14:37,55531,403,13.0,0.100000001,138888,129.9900055,0.270000011,1,129.9900055,116.9899979,31.59000015,Central America,Panamá,ON_HOLD,,403,18,,Nike Men's CJ Elite 2 TD Football Cleat,129.9900055,0,3/23/2017 14:37,Standard Class
PAYMENT,2,4,-278.3900146,173.9900055,Advance shipping,0,48,Water Sports,Jersey City,EE. UU.,10425,Consumer,NJ,7,Fan Shop,40.74726105,-74.04908752,Europe,Bremen,Alemania,10425,7/9/2017 23:14,63091,1073,26.0,0.129999995,157742,199.9900055,-1.600000024,1,199.9900055,173.9900055,-278.3900146,Western Europe,Bremen,PENDING_PAYMENT,,1073,48,,Pelican Sunstream 100 Kayak,199.9900055,0,7/11/2017 23:14,Standard Class
PAYMENT,5,4,-20.46999931,116.9899979,Late delivery,1,18,Men's Footwear,Birmingham,EE. UU.,1703,Corporate,AL,4,Apparel,33.62078095,-86.68096924,USCA,Morristown,Estados Unidos,1703,8/9/2016 10:23,40174,403,13.0,0.100000001,100262,129.9900055,-0.180000007,1,129.9900055,116.9899979,-20.46999931,East of USA,Nueva Jersey,PENDING_PAYMENT,7960.0,403,18,,Nike Men's CJ Elite 2 TD Football Cleat,129.9900055,0,8/14/2016 10:23,Standard Class
TRANSFER,0,0,31.84000015,90.95999908,Shipping on time,0,46,Indoor/Outdoor Games,Houston,EE. UU.,11475,Home Office,TX,7,Fan Shop,29.69557571,-95.61478424,USCA,Philadelphia,Estados Unidos,11475,7/21/2016 3:14,38852,1014,9.0,0.090000004,97002,49.97999954,0.349999994,2,99.95999908,90.95999908,31.84000015,East of USA,Pensilvania,PENDING,19134.0,1014,46,,O'Brien Men's Neoprene Life Vest,49.97999954,0,7/21/2016 15:14,Same Day
PAYMENT,2,4,14.68999958,41.95999908,Advance shipping,0,35,Golf Gloves,Miami,EE. UU.,4530,Consumer,FL,6,Outdoors,25.88852501,-80.17294312,Europe,Aulnay-sous-Bois,Francia,4530,6/6/2015 15:11,10731,775,7.989999771,0.159999996,26852,9.989999771,0.349999994,5,49.95000076,41.95999908,14.68999958,Western Europe,Isla de Francia,PENDING_PAYMENT,,775,35,,Clicgear 8.0 Shoe Brush,9.989999771,0,6/8/2015 15:11,Standard Class
TRANSFER,5,4,74.43000031,158.3600006,Late delivery,1,29,Shop By Sport,Milwaukee,EE. UU.,10357,Consumer,WI,5,Golf,43.02750397,-87.95832825,LATAM,Santa Ana,El Salvador,10357,5/17/2017 1:45,59399,627,1.600000024,0.01,148707,39.99000168,0.469999999,4,159.9600067,158.3600006,74.43000031,Central America,Santa Ana,PROCESSING,,627,29,,Under Armour Girls' Toddler Spine Surge Runni,39.99000168,0,5/22/2017 1:45,Standard Class
DEBIT,6,4,67.62000275,147.0,Late delivery,1,24,Women's Apparel,Bakersfield,EE. UU.,10165,Consumer,CA,5,Golf,35.30034638,-119.2525253,LATAM,David,Panamá,10165,3/17/2017 1:40,55220,502,3.0,0.02,138108,50.0,0.460000008,3,150.0,147.0,67.62000275,Central America,Chiriquí,COMPLETE,,502,24,,Nike Men's Dri-FIT Victory Golf Polo,50.0,0,3/23/2017 1:40,Standard Class
CASH,5,4,-422.3699951,263.980011,Late delivery,1,43,Camping & Hiking,Caguas,Puerto Rico,12234,Corporate,PR,7,Fan Shop,18.23427773,-66.37054443,Europe,Járkov,Ucrania,12234,10/20/2016 21:51,45139,957,36.0,0.119999997,112742,299.980011,-1.600000024,1,299.980011,263.980011,-422.3699951,Eastern Europe,Járkov,CLOSED,,957,43,,Diamondback Women's Serene Classic Comfort Bi,299.980011,0,10/25/2016 21:51,Standard Class
PAYMENT,2,4,65.09999847,371.980011,Advance shipping,0,45,Fishing,West Lafayette,EE. UU.,11806,Corporate,IN,7,Fan Shop,40.48130035,-87.04908752,LATAM,Porto Alegre,Brasil,11806,2/10/2015 20:57,2801,1004,28.0,0.07,7044,399.980011,0.180000007,1,399.980011,371.980011,65.09999847,South America,Rio Grande do Sul,PENDING_PAYMENT,,1004,45,,Field & Stream Sportsman 16 Gun Fire Safe,399.980011,0,2/12/2015 20:57,Standard Class
DEBIT,2,1,-3.349999905,55.79000092,Late delivery,1,17,Cleats,East Lansing,EE. UU.,12126,Home Office,MI,4,Apparel,42.74964523,-84.4508667,USCA,Newport News,Estados Unidos,12126,7/21/2016 8:50,38868,365,4.199999809,0.07,97042,59.99000168,-0.059999999,1,59.99000168,55.79000092,-3.349999905,South of  USA ,Virginia,COMPLETE,23602.0,365,17,,Perfect Fitness Perfect Rip Deck,59.99000168,0,7/23/2016 8:50,First Class
TRANSFER,4,4,-57.97000122,75.58000183,Shipping on time,0,29,Shop By Sport,Los Angeles,EE. UU.,1482,Consumer,CA,5,Golf,34.00309753,-118.2871094,Europe,Birkenhead,Reino Unido,1482,7/30/2015 12:40,14423,627,4.400000095,0.059999999,36081,39.99000168,-0.769999981,2,79.98000336,75.58000183,-57.97000122,Northern Europe,Inglaterra,PROCESSING,,627,29,,Under Armour Girls' Toddler Spine Surge Runni,39.99000168,0,8/3/2015 12:40,Standard Class
DEBIT,3,4,21.32999992,48.47999954,Advance shipping,0,46,Indoor/Outdoor Games,Indianapolis,EE. UU.,9698,Consumer,IN,7,Fan Shop,40.02439499,-86.44609833,Europe,Charleroi,Bélgica,9698,10/11/2015 6:47,19407,1014,1.5,0.029999999,48498,49.97999954,0.439999998,1,49.97999954,48.47999954,21.32999992,Western Europe,Henao,COMPLETE,,1014,46,,O'Brien Men's Neoprene Life Vest,49.97999954,0,10/14/2015 6:47,Standard Class
DEBIT,4,4,19.12000084,42.47999954,Shipping on time,0,46,Indoor/Outdoor Games,Conway,EE. UU.,10039,Consumer,AR,7,Fan Shop,35.09189606,-92.43454742,Europe,Krefeld,Alemania,10039,10/4/2015 20:59,18968,1014,7.5,0.150000006,47428,49.97999954,0.449999988,1,49.97999954,42.47999954,19.12000084,Western Europe,Renania del Norte-Westfalia,COMPLETE,,1014,46,,O'Brien Men's Neoprene Life Vest,49.97999954,0,10/8/2015 20:59,Standard Class
TRANSFER,3,4,39.97999954,118.2900009,Advance shipping,0,18,Men's Footwear,Brooklyn,EE. UU.,3997,Corporate,NY,4,Apparel,40.64059448,-73.97518921,LATAM,Santo Domingo,República Dominicana,3997,5/22/2017 1:56,59742,403,11.69999981,0.090000004,149498,129.9900055,0.340000004,1,129.9900055,118.2900009,39.97999954,Caribbean,Santo Domingo,PROCESSING,,403,18,,Nike Men's CJ Elite 2 TD Football Cleat,129.9900055,0,5/25/2017 1:56,Standard Class
PAYMENT,4,4,40.70999908,347.9700012,Shipping on time,0,9,Cardio Equipment,West Orange,EE. UU.,11744,Home Office,NJ,3,Footwear,40.79269791,-74.23181915,Europe,Ermont,Francia,11744,6/5/2015 18:52,10673,191,51.99000168,0.129999995,26729,99.98999786,0.119999997,4,399.9599915,347.9700012,40.70999908,Western Europe,Isla de Francia,PENDING_PAYMENT,,191,9,,Nike Men's Free 5.0+ Running Shoe,99.98999786,0,6/9/2015 18:52,Standard Class
DEBIT,5,2,-2.640000105,105.5800018,Late delivery,1,17,Cleats,Broken Arrow,EE. UU.,9993,Corporate,OK,4,Apparel,36.03966141,-95.80953217,LATAM,Santiago de los Caballeros,República Dominicana,9993,1/3/2015 5:36,154,365,14.39999962,0.119999997,365,59.99000168,-0.029999999,2,119.9800034,105.5800018,-2.640000105,Caribbean,Santiago de Chile,ON_HOLD,,365,17,,Perfect Fitness Perfect Rip Deck,59.99000168,0,1/8/2015 5:36,Second Class
DEBIT,4,4,14.63000011,37.5,Shipping on time,0,24,Women's Apparel,Norcross,EE. UU.,1597,Consumer,GA,5,Golf,33.89028168,-84.19355774,Pacific Asia,Bendigo,Australia,1597,2/24/2016 11:51,28738,502,12.5,0.25,71945,50.0,0.389999986,1,50.0,37.5,14.63000011,Oceania,Victoria,COMPLETE,,502,24,,Nike Men's Dri-FIT Victory Golf Polo,50.0,0,2/28/2016 11:51,Standard Class
CASH,5,4,37.5,149.9900055,Late delivery,1,48,Water Sports,Caguas,Puerto Rico,6854,Consumer,PR,7,Fan Shop,18.29387665,-66.37059784,Europe,Emmen,Países Bajos,6854,7/9/2015 19:31,13004,1073,50.0,0.25,32526,199.9900055,0.25,1,199.9900055,149.9900055,37.5,Western Europe,Drenthe,CLOSED,,1073,48,,Pelican Sunstream 100 Kayak,199.9900055,0,7/14/2015 19:31,Standard Class
PAYMENT,2,4,0.0,68.58000183,Advance shipping,0,3,Baseball & Softball,Costa Mesa,EE. UU.,5218,Consumer,CA,2,Fitness,33.67670822,-117.9219055,Europe,Berlín,Alemania,5218,7/24/2015 3:34,13986,37,1.399999976,0.02,34996,34.99000168,0.0,2,69.98000336,68.58000183,0.0,Western Europe,Berlín,PENDING_PAYMENT,,37,3,,adidas Kids' F5 Messi FG Soccer Cleat,34.99000168,0,7/26/2015 3:34,Standard Class
PAYMENT,3,4,17.28000069,38.38999939,Advance shipping,0,29,Shop By Sport,Caguas,Puerto Rico,3474,Consumer,PR,5,Golf,18.2643261,-66.37060547,Europe,Ivanovo,Rusia,3474,9/29/2016 4:53,43652,627,1.600000024,0.039999999,109027,39.99000168,0.449999988,1,39.99000168,38.38999939,17.28000069,Eastern Europe,Ivanovo,PENDING_PAYMENT,,627,29,,Under Armour Girls' Toddler Spine Surge Runni,39.99000168,0,10/2/2016 4:53,Standard Class
TRANSFER,0,0,11.39999962,37.99000168,Shipping on time,0,29,Shop By Sport,Caguas,Puerto Rico,6152,Consumer,PR,5,Golf,18.29686546,-66.37050629,Europe,Linz,Austria,6152,8/11/2017 10:45,65316,627,2.0,0.050000001,163239,39.99000168,0.300000012,1,39.99000168,37.99000168,11.39999962,Western Europe,Alta Austria,PENDING,,627,29,,Under Armour Girls' Toddler Spine Surge Runni,39.99000168,0,8/11/2017 22:45,Same Day
CASH,3,4,35.70000076,149.9900055,Advance shipping,0,48,Water Sports,Pharr,EE. UU.,8056,Consumer,TX,7,Fan Shop,26.19762421,-98.19145203,Africa,Huambo,Angola,8056,10/20/2016 15:53,45122,1073,50.0,0.25,112691,199.9900055,0.239999995,1,199.9900055,149.9900055,35.70000076,Central Africa,Huambo,CLOSED,,1073,48,,Pelican Sunstream 100 Kayak,199.9900055,0,10/23/2016 15:53,Standard Class
TRANSFER,2,2,38.29999924,383.0299988,Shipping on time,0,66,Crafts,Caguas,Puerto Rico,18359,Consumer,PR,4,Apparel,18.20513153,-66.03704834,Pacific Asia,Gorakhpur,India,18359,12/27/2017 23:31,74806,1353,78.44999695,0.170000002,178121,461.480011,0.100000001,1,461.480011,383.0299988,38.29999924,South Asia,Haryana,PENDING,,1353,66,,Porcelain crafts,461.480011,0,12/29/2017 23:31,Second Class
DEBIT,4,4,3.559999943,178.1699982,Shipping on time,0,17,Cleats,Brooklyn,EE. UU.,6012,Corporate,NY,4,Apparel,40.64524078,-73.94316101,Europe,Mainz,Alemania,6012,7/28/2015 15:07,14293,365,1.799999952,0.01,35760,59.99000168,0.02,3,179.9700012,178.1699982,3.559999943,Western Europe,Renania-Palatinado,COMPLETE,,365,17,,Perfect Fitness Perfect Rip Deck,59.99000168,0,8/1/2015 15:07,Standard Class
DEBIT,5,4,76.80000305,383.980011,Late delivery,1,45,Fishing,Caguas,Puerto Rico,4249,Consumer,PR,7,Fan Shop,18.27620125,-66.3706131,LATAM,Tegucigalpa,Honduras,4249,2/5/2017 13:38,52514,1004,16.0,0.039999999,131253,399.980011,0.200000003,1,399.980011,383.980011,76.80000305,Central America,Francisco Morazán,COMPLETE,,1004,45,,Field & Stream Sportsman 16 Gun Fire Safe,399.980011,0,2/10/2017 13:38,Standard Class
PAYMENT,2,1,36.8199997,78.34999847,Late delivery,1,41,Trade-In,Medina,EE. UU.,4789,Consumer,OH,6,Outdoors,41.13618469,-81.73908234,USCA,Seattle,Estados Unidos,4789,5/11/2016 16:28,34026,924,1.600000024,0.02,84911,15.98999977,0.469999999,5,79.94999695,78.34999847,36.8199997,West of USA ,Washington,PENDING_PAYMENT,98105.0,924,41,,Glove It Urban Brick Golf Towel,15.98999977,0,5/13/2016 16:28,First Class
DEBIT,6,4,110.8700027,395.980011,Late delivery,1,45,Fishing,Caguas,Puerto Rico,10642,Consumer,PR,7,Fan Shop,18.26011467,-66.37060547,Europe,Cologne,Alemania,10642,8/22/2015 6:09,15980,1004,4.0,0.01,39922,399.980011,0.280000001,1,399.980011,395.980011,110.8700027,Western Europe,Renania del Norte-Westfalia,COMPLETE,,1004,45,,Field & Stream Sportsman 16 Gun Fire Safe,399.980011,0,8/28/2015 6:09,Standard Class
DEBIT,4,2,73.51999664,217.5,Late delivery,1,24,Women's Apparel,Caguas,Puerto Rico,4579,Consumer,PR,5,Golf,18.28805351,-66.37060547,Africa,Kinshasa,República Democrática del Congo,4579,9/24/2016 6:07,43313,502,32.5,0.129999995,108205,50.0,0.340000004,5,250.0,217.5,73.51999664,Central Africa,Kinshasa,COMPLETE,,502,24,,Nike Men's Dri-FIT Victory Golf Polo,50.0,0,9/28/2016 6:07,Second Class
DEBIT,3,4,2.950000048,10.15999985,Advance shipping,0,61,CDs ,Caguas,Puerto Rico,17775,Consumer,PR,9,Discs Shop,18.28039169,-66.03704834,Pacific Asia,Gold Coast,Australia,17775,12/19/2017 10:55,74222,1348,1.129999995,0.100000001,177537,11.28999996,0.289999992,1,11.28999996,10.15999985,2.950000048,Oceania,Queensland,COMPLETE,,1348,61,,CDs of rock,11.28999996,0,12/22/2017 10:55,Standard Class
PAYMENT,5,4,24.53000069,78.37999725,Late delivery,1,29,Shop By Sport,Tucson,EE. UU.,12362,Consumer,AZ,5,Golf,32.25922394,-110.9718781,LATAM,Zapopan,México,12362,6/12/2017 4:52,61189,627,1.600000024,0.02,153065,39.99000168,0.310000002,2,79.98000336,78.37999725,24.53000069,Central America,Jalisco,PENDING_PAYMENT,,627,29,,Under Armour Girls' Toddler Spine Surge Runni,39.99000168,0,6/17/2017 4:52,Standard Class
DEBIT,3,4,70.97000122,218.3600006,Advance shipping,0,17,Cleats,San Diego,EE. UU.,5119,Consumer,CA,4,Apparel,32.79521942,-117.2376556,Europe,Munich,Alemania,5119,9/18/2015 10:29,17842,365,21.60000038,0.090000004,44577,59.99000168,0.330000013,4,239.9600067,218.3600006,70.97000122,Western Europe,Bavaria,COMPLETE,,365,17,,Perfect Fitness Perfect Rip Deck,59.99000168,0,9/21/2015 10:29,Standard Class
DEBIT,5,4,45.0,149.9900055,Late delivery,1,9,Cardio Equipment,Hanford,EE. UU.,1997,Consumer,CA,3,Footwear,36.32823181,-119.5044022,LATAM,Bogotá,Colombia,1997,1/29/2017 20:29,52054,191,50.0,0.25,130058,99.98999786,0.300000012,2,199.9799957,149.9900055,45.0,South America,Bogotá,ON_HOLD,,191,9,,Nike Men's Free 5.0+ Running Shoe,99.98999786,0,2/3/2017 20:29,Standard Class
TRANSFER,6,2,78.11000061,278.980011,Shipping canceled,0,43,Camping & Hiking,Caguas,Puerto Rico,7977,Consumer,PR,7,Fan Shop,18.22179604,-66.37057495,Europe,Rome,Italia,7977,6/8/2015 8:53,10850,957,21.0,0.07,27177,299.980011,0.280000001,1,299.980011,278.980011,78.11000061,Southern Europe,Lacio,CANCELED,,957,43,,Diamondback Women's Serene Classic Comfort Bi,299.980011,0,6/14/2015 8:53,Second Class
PAYMENT,5,4,92.0,200.0,Late delivery,1,24,Women's Apparel,Honolulu,EE. UU.,5029,Corporate,HI,5,Golf,21.30562019,-157.8386993,LATAM,Jundiaí,Brasil,5029,4/4/2015 4:14,6384,502,0.0,0.0,15986,50.0,0.460000008,4,200.0,200.0,92.0,South America,São Paulo,PENDING_PAYMENT,,502,24,,Nike Men's Dri-FIT Victory Golf Polo,50.0,0,4/9/2015 4:14,Standard Class
TRANSFER,6,4,24.45000076,94.05000305,Late delivery,1,13,Electronics,Cleveland,EE. UU.,6812,Consumer,OH,3,Footwear,41.45956039,-81.64040375,Europe,Utrecht,Países Bajos,6812,8/28/2015 5:47,16390,276,1.919999957,0.02,40929,31.98999977,0.25999999,3,95.97000122,94.05000305,24.45000076,Western Europe,Utrecht,PROCESSING,,276,13,,Under Armour Women's Ignite Slide,31.98999977,0,9/3/2015 5:47,Standard Class
TRANSFER,6,4,22.87999916,88.0,Late delivery,1,24,Women's Apparel,Orlando,EE. UU.,8527,Corporate,FL,5,Golf,28.57764053,-81.44708252,Europe,Zamora,España,8527,7/26/2017 9:01,64215,502,12.0,0.119999997,160551,50.0,0.25999999,2,100.0,88.0,22.87999916,Southern Europe,Castilla y León,PENDING,,502,24,,Nike Men's Dri-FIT Victory Golf Polo,50.0,0,8/1/2017 9:01,Standard Class
TRANSFER,5,4,20.0,199.9900055,Late delivery,1,48,Water Sports,Yonkers,EE. UU.,11103,Consumer,NY,7,Fan Shop,40.93531036,-73.8874588,USCA,Lakeland,Estados Unidos,11103,5/17/2016 10:09,34419,1073,0.0,0.0,85989,199.9900055,0.100000001,1,199.9900055,199.9900055,20.0,South of  USA ,Florida,PENDING,33801.0,1073,48,,Pelican Sunstream 100 Kayak,199.9900055,0,5/22/2016 10:09,Standard Class
PAYMENT,0,0,60.25,165.9900055,Shipping on time,0,48,Water Sports,Caguas,Puerto Rico,8481,Consumer,PR,7,Fan Shop,18.22941971,-66.3705368,LATAM,Mérida,México,8481,5/22/2015 1:22,9664,1073,34.0,0.170000002,24134,199.9900055,0.360000014,1,199.9900055,165.9900055,60.25,Central America,Yucatán,PENDING_PAYMENT,,1073,48,,Pelican Sunstream 100 Kayak,199.9900055,0,5/22/2015 13:22,Same Day
DEBIT,2,2,163.1900024,339.980011,Shipping on time,0,45,Fishing,Caguas,Puerto Rico,2152,Consumer,PR,7,Fan Shop,18.23753929,-66.37059021,Europe,Swansea,Reino Unido,2152,10/23/2015 12:43,20246,1004,60.0,0.150000006,50567,399.980011,0.479999989,1,399.980011,339.980011,163.1900024,Northern Europe,Gales,COMPLETE,,1004,45,,Field & Stream Sportsman 16 Gun Fire Safe,399.980011,0,10/25/2015 12:43,Second Class
PAYMENT,2,1,3.819999933,127.3899994,Late delivery,1,18,Men's Footwear,Honolulu,EE. UU.,9816,Consumer,HI,4,Apparel,21.27736473,-157.6839294,LATAM,Guadalajara,México,9816,3/13/2017 6:56,54961,403,2.599999905,0.02,137450,129.9900055,0.029999999,1,129.9900055,127.3899994,3.819999933,Central America,Jalisco,PENDING_PAYMENT,,403,18,,Nike Men's CJ Elite 2 TD Football Cleat,129.9900055,0,3/15/2017 6:56,First Class
PAYMENT,6,4,-204.6000061,132.0,Late delivery,1,24,Women's Apparel,Webster,EE. UU.,2323,Home Office,NY,5,Golf,40.86772919,-73.88317108,LATAM,Camagüey,Cuba,2323,4/28/2017 6:10,58110,502,18.0,0.119999997,145402,50.0,-1.549999952,3,150.0,132.0,-204.6000061,Caribbean,Camagüey,PENDING_PAYMENT,,502,24,,Nike Men's Dri-FIT Victory Golf Polo,50.0,0,5/4/2017 6:10,Standard Class
DEBIT,4,4,89.95999908,187.4299927,Shipping on time,0,46,Indoor/Outdoor Games,West Jordan,EE. UU.,4478,Corporate,UT,7,Fan Shop,40.62195587,-111.9332733,Europe,Augsburg,Alemania,4478,8/6/2017 17:35,64993,1014,62.47999954,0.25,162462,49.97999954,0.479999989,5,249.8999939,187.4299927,89.95999908,Western Europe,Bavaria,COMPLETE,,1014,46,,O'Brien Men's Neoprene Life Vest,49.97999954,0,8/10/2017 17:35,Standard Class
CASH,2,4,127.3899994,391.980011,Advance shipping,0,45,Fishing,Caguas,Puerto Rico,266,Corporate,PR,7,Fan Shop,18.22757149,-66.04361725,Europe,Rome,Italia,266,7/5/2015 5:52,12691,1004,8.0,0.02,31758,399.980011,0.330000013,1,399.980011,391.980011,127.3899994,Southern Europe,Lacio,CLOSED,,1004,45,,Field & Stream Sportsman 16 Gun Fire Safe,399.980011,0,7/7/2015 5:52,Standard Class
PAYMENT,5,4,17.84000015,52.79000092,Late delivery,1,17,Cleats,Chicago,EE. UU.,7673,Consumer,IL,4,Apparel,41.89460754,-87.77870178,LATAM,São Paulo,Brasil,7673,1/8/2015 20:29,539,365,7.199999809,0.119999997,1343,59.99000168,0.340000004,1,59.99000168,52.79000092,17.84000015,South America,São Paulo,PENDING_PAYMENT,,365,17,,Perfect Fitness Perfect Rip Deck,59.99000168,0,1/13/2015 20:29,Standard Class
TRANSFER,5,4,58.49000168,179.9700012,Late delivery,1,17,Cleats,West Lafayette,EE. UU.,11486,Consumer,IN,4,Apparel,40.4853096,-87.05938721,Europe,Munich,Alemania,11486,8/6/2015 20:11,14924,365,0.0,0.0,37373,59.99000168,0.330000013,3,179.9700012,179.9700012,58.49000168,Western Europe,Bavaria,PENDING,,365,17,,Perfect Fitness Perfect Rip Deck,59.99000168,0,8/11/2015 20:11,Standard Class
TRANSFER,4,4,39.59000015,116.4400024,Shipping on time,0,37,Electronics,Caguas,Puerto Rico,7175,Consumer,PR,6,Outdoors,18.26229858,-66.37057495,LATAM,Ilhéus,Brasil,7175,5/2/2015 9:48,8318,828,11.52000046,0.090000004,20779,31.98999977,0.340000004,4,127.9599991,116.4400024,39.59000015,South America,Bahía,PROCESSING,,828,37,,Bridgestone e6 Straight Distance NFL San Dieg,31.98999977,0,5/6/2015 9:48,Standard Class
PAYMENT,4,2,94.5,188.9900055,Late delivery,1,48,Water Sports,Pompano Beach,EE. UU.,6127,Consumer,FL,7,Fan Shop,26.23144913,-80.12522125,USCA,Chester,Estados Unidos,6127,4/20/2016 4:24,32553,1073,11.0,0.059999999,81422,199.9900055,0.5,1,199.9900055,188.9900055,94.5,East of USA,Pensilvania,PENDING_PAYMENT,19013.0,1073,48,,Pelican Sunstream 100 Kayak,199.9900055,0,4/24/2016 4:24,Second Class
TRANSFER,3,4,-3.460000038,14.55000019,Shipping canceled,0,41,Trade-In,Tempe,EE. UU.,11351,Corporate,AZ,6,Outdoors,33.44217682,-111.9240417,Europe,Galati,Rumania,11351,12/11/2016 22:07,48702,926,1.440000057,0.090000004,121795,15.98999977,-0.239999995,1,15.98999977,14.55000019,-3.460000038,Eastern Europe,Galati,SUSPECTED_FRAUD,,926,41,,Glove It Imperial Golf Towel,15.98999977,0,12/14/2016 22:07,Standard Class
DEBIT,4,4,15.43999958,59.38999939,Shipping on time,0,17,Cleats,Baltimore,EE. UU.,4689,Corporate,MD,4,Apparel,39.35129929,-76.68270111,USCA,Aurora,Estados Unidos,4689,4/11/2016 1:27,31928,365,0.600000024,0.01,79794,59.99000168,0.25999999,1,59.99000168,59.38999939,15.43999958,West of USA ,Colorado,COMPLETE,80013.0,365,17,,Perfect Fitness Perfect Rip Deck,59.99000168,0,4/15/2016 1:27,Standard Class
PAYMENT,0,0,24.70000076,129.9900055,Shipping on time,0,18,Men's Footwear,Aurora,EE. UU.,1221,Corporate,CO,4,Apparel,39.74662018,-104.8164368,Africa,Accra,Ghana,1221,10/6/2016 8:33,44142,403,0.0,0.0,110233,129.9900055,0.189999998,1,129.9900055,129.9900055,24.70000076,West Africa,Gran Accra,PENDING_PAYMENT,,403,18,,Nike Men's CJ Elite 2 TD Football Cleat,129.9900055,0,10/6/2016 20:33,Same Day
PAYMENT,3,4,41.63000107,84.97000122,Advance shipping,0,46,Indoor/Outdoor Games,Mayaguez,Puerto Rico,11424,Home Office,PR,7,Fan Shop,18.20005035,-67.14024353,USCA,New York City,Estados Unidos,11424,7/12/2016 5:31,38242,1014,14.98999977,0.150000006,95468,49.97999954,0.49000001,2,99.95999908,84.97000122,41.63000107,East of USA,Nueva York,PENDING_PAYMENT,10011.0,1014,46,,O'Brien Men's Neoprene Life Vest,49.97999954,0,7/15/2016 5:31,Standard Class
DEBIT,2,1,-10.5,59.99000168,Late delivery,1,17,Cleats,Caguas,Puerto Rico,11978,Corporate,PR,4,Apparel,18.20307159,-66.37051392,LATAM,Tampico,México,11978,2/1/2017 19:57,52258,365,0.0,0.0,130558,59.99000168,-0.180000007,1,59.99000168,59.99000168,-10.5,Central America,Tamaulipas,COMPLETE,,365,17,,Perfect Fitness Perfect Rip Deck,59.99000168,0,2/3/2017 19:57,First Class
TRANSFER,6,2,55.68000031,191.9900055,Shipping canceled,0,48,Water Sports,Caguas,Puerto Rico,6977,Consumer,PR,7,Fan Shop,18.21075821,-66.3705368,Europe,Lyon,Francia,6977,8/17/2015 7:02,15640,1073,8.0,0.039999999,39101,199.9900055,0.289999992,1,199.9900055,191.9900055,55.68000031,Western Europe,Auvernia-Ródano-Alpes,SUSPECTED_FRAUD,,1073,48,,Pelican Sunstream 100 Kayak,199.9900055,0,8/23/2015 7:02,Second Class
CASH,6,4,70.20999908,149.3800049,Late delivery,1,17,Cleats,Tracy,EE. UU.,9677,Home Office,CA,4,Apparel,37.75931549,-121.435112,USCA,Aurora,Estados Unidos,9677,4/22/2016 21:55,32740,365,30.59000015,0.170000002,81886,59.99000168,0.469999999,3,179.9700012,149.3800049,70.20999908,West of USA ,Colorado,CLOSED,80013.0,365,17,,Perfect Fitness Perfect Rip Deck,59.99000168,0,4/28/2016 21:55,Standard Class
PAYMENT,2,2,20.57999992,58.79000092,Shipping on time,0,17,Cleats,Oxnard,EE. UU.,8008,Corporate,CA,4,Apparel,34.16575623,-119.1442413,LATAM,Managua,Nicaragua,8008,5/1/2017 23:51,58366,365,1.200000048,0.02,146063,59.99000168,0.349999994,1,59.99000168,58.79000092,20.57999992,Central America,Managua,PENDING_PAYMENT,,365,17,,Perfect Fitness Perfect Rip Deck,59.99000168,0,5/3/2017 23:51,Second Class
DEBIT,5,4,4.5,44.97999954,Late delivery,1,46,Indoor/Outdoor Games,Caguas,Puerto Rico,11386,Corporate,PR,7,Fan Shop,18.23861694,-66.37057495,LATAM,Santo Domingo,República Dominicana,11386,3/16/2015 10:03,5099,1014,5.0,0.100000001,12752,49.97999954,0.100000001,1,49.97999954,44.97999954,4.5,Caribbean,Santo Domingo,COMPLETE,,1014,46,,O'Brien Men's Neoprene Life Vest,49.97999954,0,3/21/2015 10:03,Standard Class
DEBIT,3,2,71.75,193.9199982,Late delivery,1,46,Indoor/Outdoor Games,Caguas,Puerto Rico,3640,Corporate,PR,7,Fan Shop,18.28316498,-66.37050629,Africa,Rustenburg,SudAfrica,3640,9/12/2016 13:29,42512,1014,6.0,0.029999999,106130,49.97999954,0.370000005,4,199.9199982,193.9199982,71.75,Southern Africa,Noroeste,COMPLETE,,1014,46,,O'Brien Men's Neoprene Life Vest,49.97999954,0,9/15/2016 13:29,Second Class
TRANSFER,4,4,64.11000061,284.9500122,Shipping on time,0,17,Cleats,Dallas,EE. UU.,8116,Consumer,TX,4,Apparel,32.87014008,-96.75692749,USCA,Indianapolis,Estados Unidos,8116,5/4/2016 11:45,33533,365,15.0,0.050000001,83710,59.99000168,0.230000004,5,299.9500122,284.9500122,64.11000061,US Center ,Indiana,PENDING,46203.0,365,17,,Perfect Fitness Perfect Rip Deck,59.99000168,0,5/8/2016 11:45,Standard Class
CASH,5,4,66.36000061,176.9700012,Late delivery,1,76,Women's Clothing,Caguas,Puerto Rico,20647,Consumer,PR,4,Apparel,18.2099247,-66.03705597,Pacific Asia,Akola,India,20647,1/30/2018 9:06,77094,1363,38.84999847,0.180000007,180409,215.8200073,0.379999995,1,215.8200073,176.9700012,66.36000061,South Asia,Maharashtra,CLOSED,,1363,76,,Summer dresses,215.8200073,0,2/4/2018 9:06,Standard Class
DEBIT,6,4,48.88000107,174.5700073,Late delivery,1,17,Cleats,Los Angeles,EE. UU.,11620,Consumer,CA,4,Apparel,34.02387619,-118.1890717,Africa,Mwanza,Tanzania,11620,9/19/2016 9:27,42980,365,5.400000095,0.029999999,107364,59.99000168,0.280000001,3,179.9700012,174.5700073,48.88000107,East Africa,Mwanza,COMPLETE,,365,17,,Perfect Fitness Perfect Rip Deck,59.99000168,0,9/25/2016 9:27,Standard Class
DEBIT,5,4,46.5,371.980011,Late delivery,1,45,Fishing,Caguas,Puerto Rico,6358,Home Office,PR,7,Fan Shop,18.26543617,-66.37058258,Pacific Asia,Visakhapatnam,India,6358,3/13/2016 19:53,29994,1004,28.0,0.07,75006,399.980011,0.129999995,1,399.980011,371.980011,46.5,South Asia,Andhra Pradesh,COMPLETE,,1004,45,,Field & Stream Sportsman 16 Gun Fire Safe,399.980011,0,3/18/2016 19:53,Standard Class
PAYMENT,5,4,-174.3899994,399.980011,Late delivery,1,45,Fishing,Caguas,Puerto Rico,3004,Corporate,PR,7,Fan Shop,18.24175072,-66.3706131,USCA,Aurora,Estados Unidos,3004,5/10/2016 9:59,33939,1004,0.0,0.0,84700,399.980011,-0.439999998,1,399.980011,399.980011,-174.3899994,US Center ,Illinois,PENDING_PAYMENT,60505.0,1004,45,,Field & Stream Sportsman 16 Gun Fire Safe,399.980011,0,5/15/2016 9:59,Standard Class
TRANSFER,0,0,89.13999939,181.9299927,Shipping on time,0,46,Indoor/Outdoor Games,Caguas,Puerto Rico,6192,Consumer,PR,7,Fan Shop,18.25857163,-66.3706131,Europe,Karlsruhe,Alemania,6192,7/11/2015 9:01,13111,1014,17.98999977,0.090000004,32795,49.97999954,0.49000001,4,199.9199982,181.9299927,89.13999939,Western Europe,Baden-Wurtemberg,PROCESSING,,1014,46,,O'Brien Men's Neoprene Life Vest,49.97999954,0,7/11/2015 21:01,Same Day
CASH,6,4,14.68999958,129.9900055,Late delivery,1,18,Men's Footwear,Caguas,Puerto Rico,11264,Consumer,PR,4,Apparel,18.24812698,-66.37056732,Europe,Villemomble,Francia,11264,8/26/2015 11:45,16270,403,0.0,0.0,40632,129.9900055,0.109999999,1,129.9900055,129.9900055,14.68999958,Western Europe,Isla de Francia,CLOSED,,403,18,,Nike Men's CJ Elite 2 TD Football Cleat,129.9900055,0,9/1/2015 11:45,Standard Class
TRANSFER,6,4,10.78999996,107.8899994,Late delivery,1,18,Men's Footwear,Caguas,Puerto Rico,214,Home Office,PR,4,Apparel,18.230299,-66.03146362,Pacific Asia,Riyadh,Arabia Saudí,214,10/28/2016 3:37,45635,403,22.10000038,0.170000002,114062,129.9900055,0.100000001,1,129.9900055,107.8899994,10.78999996,West Asia,Riad,PENDING,,403,18,,Nike Men's CJ Elite 2 TD Football Cleat,129.9900055,0,11/3/2016 3:37,Standard Class
PAYMENT,6,4,37.43999863,124.7900009,Late delivery,1,18,Men's Footwear,Caguas,Puerto Rico,10208,Home Office,PR,4,Apparel,18.25865555,-66.37057495,Europe,Reutlingen,Alemania,10208,6/20/2015 2:54,11655,403,5.199999809,0.039999999,29140,129.9900055,0.300000012,1,129.9900055,124.7900009,37.43999863,Western Europe,Baden-Wurtemberg,PENDING_PAYMENT,,403,18,,Nike Men's CJ Elite 2 TD Football Cleat,129.9900055,0,6/26/2015 2:54,Standard Class
PAYMENT,2,1,-72.83000183,109.1900024,Late delivery,1,18,Men's Footwear,Federal Way,EE. UU.,11263,Corporate,WA,4,Apparel,47.30304337,-122.3528137,Africa,Kinshasa,República Democrática del Congo,11263,12/2/2016 11:06,48054,403,20.79999924,0.159999996,120160,129.9900055,-0.670000017,1,129.9900055,109.1900024,-72.83000183,Central Africa,Kinshasa,PENDING_PAYMENT,,403,18,,Nike Men's CJ Elite 2 TD Football Cleat,129.9900055,0,12/4/2016 11:06,First Class
CASH,6,4,1.960000038,32.59999847,Late delivery,1,75,Video Games,Caguas,Puerto Rico,20228,Consumer,PR,9,Discs Shop,18.20083427,-66.03704834,Pacific Asia,Medan,Indonesia,20228,1/24/2018 6:19,76675,1362,7.159999847,0.180000007,179990,39.75,0.059999999,1,39.75,32.59999847,1.960000038,Southeast Asia,Sumatra Septentrional,CLOSED,,1362,75,,Fighting video games,39.75,0,1/30/2018 6:19,Standard Class
PAYMENT,3,4,46.24000168,127.3899994,Advance shipping,0,18,Men's Footwear,Fresno,EE. UU.,6997,Consumer,CA,4,Apparel,36.84695053,-119.7777481,LATAM,Petapa,Guatemala,6997,5/6/2015 20:19,8622,403,2.599999905,0.02,21522,129.9900055,0.360000014,1,129.9900055,127.3899994,46.24000168,Central America,Guatemala,PENDING_PAYMENT,,403,18,,Nike Men's CJ Elite 2 TD Football Cleat,129.9900055,0,5/9/2015 20:19,Standard Class
TRANSFER,2,1,49.97000122,101.9800034,Late delivery,1,17,Cleats,Caguas,Puerto Rico,6230,Corporate,PR,4,Apparel,18.240551,-66.37054443,Europe,Reading,Reino Unido,6230,10/4/2015 16:25,18955,365,18.0,0.150000006,47406,59.99000168,0.49000001,2,119.9800034,101.9800034,49.97000122,Northern Europe,Inglaterra,PROCESSING,,365,17,,Perfect Fitness Perfect Rip Deck,59.99000168,0,10/6/2015 16:25,First Class
PAYMENT,4,2,-89.87000275,107.8899994,Late delivery,1,18,Men's Footwear,San Antonio,EE. UU.,274,Consumer,TX,4,Apparel,29.47413063,-98.46463776,USCA,Fayetteville,Estados Unidos,274,6/7/2016 12:03,35863,403,22.10000038,0.170000002,89570,129.9900055,-0.829999983,1,129.9900055,107.8899994,-89.87000275,South of  USA ,Carolina del Norte,PAYMENT_REVIEW,28314.0,403,18,,Nike Men's CJ Elite 2 TD Football Cleat,129.9900055,0,6/11/2016 12:03,Second Class
DEBIT,5,4,-35.75,13.48999977,Late delivery,1,36,Golf Balls,Woodbridge,EE. UU.,4029,Corporate,VA,6,Outdoors,37.16918945,-76.54801178,LATAM,Ponte Nova,Brasil,4029,5/31/2015 4:20,10289,792,1.5,0.100000001,25753,14.98999977,-2.650000095,1,14.98999977,13.48999977,-35.75,South America,Minas Gerais,COMPLETE,,792,36,,Hirzl Men's Hybrid Golf Glove,14.98999977,0,6/5/2015 4:20,Standard Class
DEBIT,4,4,63.15999985,173.9900055,Shipping on time,0,48,Water Sports,Caguas,Puerto Rico,2211,Consumer,PR,7,Fan Shop,18.20347595,-66.37050629,Europe,Gosport,Reino Unido,2211,10/5/2015 10:59,19008,1073,26.0,0.129999995,47516,199.9900055,0.360000014,1,199.9900055,173.9900055,63.15999985,Northern Europe,Inglaterra,COMPLETE,,1073,48,,Pelican Sunstream 100 Kayak,199.9900055,0,10/9/2015 10:59,Standard Class
DEBIT,2,1,121.7200012,264.6000061,Late delivery,1,26,Girls' Apparel,West Lafayette,EE. UU.,11806,Corporate,IN,5,Golf,40.48130035,-87.04908752,Pacific Asia,Albury,Australia,11806,11/22/2015 1:28,22269,565,15.39999962,0.059999999,55748,70.0,0.460000008,4,280.0,264.6000061,121.7200012,Oceania,Nueva Gales del Sur,COMPLETE,,565,26,,adidas Youth Germany Black/Red Away Match Soc,70.0,0,11/24/2015 1:28,First Class
DEBIT,2,1,-38.65999985,178.1699982,Late delivery,1,17,Cleats,Elmhurst,EE. UU.,11473,Consumer,IL,4,Apparel,41.90410233,-87.93784332,Europe,Taunton,Reino Unido,11473,8/16/2015 11:25,15584,365,1.799999952,0.01,38958,59.99000168,-0.219999999,3,179.9700012,178.1699982,-38.65999985,Northern Europe,Inglaterra,ON_HOLD,,365,17,,Perfect Fitness Perfect Rip Deck,59.99000168,0,8/18/2015 11:25,First Class
TRANSFER,1,0,5.820000172,193.9900055,Late delivery,1,48,Water Sports,Augusta,EE. UU.,128,Consumer,GA,7,Fan Shop,33.45863342,-82.06613922,USCA,Los Angeles,Estados Unidos,128,6/28/2016 15:21,37311,1073,6.0,0.029999999,93152,199.9900055,0.029999999,1,199.9900055,193.9900055,5.820000172,West of USA ,California,PROCESSING,90008.0,1073,48,,Pelican Sunstream 100 Kayak,199.9900055,0,6/29/2016 3:21,Same Day
TRANSFER,2,4,9.449999809,94.5,Advance shipping,0,24,Women's Apparel,Long Beach,EE. UU.,7530,Corporate,CA,5,Golf,33.78245163,-118.189537,LATAM,Mexico City,México,7530,2/14/2017 1:32,53096,502,5.5,0.059999999,132698,50.0,0.100000001,2,100.0,94.5,9.449999809,Central America,Distrito Federal,PENDING,,502,24,,Nike Men's Dri-FIT Victory Golf Polo,50.0,0,2/16/2017 1:32,Standard Class
CASH,1,0,16.0,31.98999977,Late delivery,1,29,Shop By Sport,Caguas,Puerto Rico,10253,Consumer,PR,5,Golf,18.21958351,-66.3706131,Europe,Burnley,Reino Unido,10253,7/1/2015 17:47,12451,627,8.0,0.200000003,31158,39.99000168,0.5,1,39.99000168,31.98999977,16.0,Northern Europe,Inglaterra,CLOSED,,627,29,,Under Armour Girls' Toddler Spine Surge Runni,39.99000168,0,7/2/2015 5:47,Same Day
TRANSFER,5,4,-130.1699982,148.7599945,Late delivery,1,29,Shop By Sport,Caguas,Puerto Rico,2869,Consumer,PR,5,Golf,18.23432541,-66.37052155,USCA,Dover,Estados Unidos,2869,4/2/2016 12:50,31344,627,11.19999981,0.07,78352,39.99000168,-0.879999995,4,159.9600067,148.7599945,-130.1699982,East of USA,Delaware,PENDING,19901.0,627,29,,Under Armour Girls' Toddler Spine Surge Runni,39.99000168,0,4/7/2016 12:50,Standard Class
TRANSFER,6,4,-115.3199997,172.8999939,Late delivery,1,70,Men's Clothing,Piscataway,EE. UU.,15953,Consumer,NJ,4,Apparel,40.57566834,-74.45444489,Pacific Asia,Mumbai,India,15953,11/22/2017 20:35,72400,1357,37.95000076,0.180000007,175715,210.8500061,-0.670000017,1,210.8500061,172.8999939,-115.3199997,South Asia,Maharashtra,PENDING,,1357,70,,Men's gala suit,210.8500061,0,11/28/2017 20:35,Standard Class
PAYMENT,3,2,27.38999939,91.29000092,Late delivery,1,30,Men's Golf Clubs,Palatine,EE. UU.,917,Corporate,IL,6,Outdoors,41.75807953,-88.31352234,Europe,Heerlen,Países Bajos,917,8/20/2017 21:04,65962,666,18.70000076,0.170000002,164850,109.9899979,0.300000012,1,109.9899979,91.29000092,27.38999939,Western Europe,Limburgo,PENDING_PAYMENT,,666,30,,Merrell Men's All Out Flash Trail Running Sho,109.9899979,0,8/23/2017 21:04,Second Class
DEBIT,1,0,26.27000046,232.5,Late delivery,1,24,Women's Apparel,Marietta,EE. UU.,8732,Consumer,GA,5,Golf,33.9172287,-84.47109222,Pacific Asia,Estambul,Turquía,8732,11/28/2016 19:10,47803,502,17.5,0.07,119537,50.0,0.109999999,5,250.0,232.5,26.27000046,West Asia,Estambul,ON_HOLD,,502,24,,Nike Men's Dri-FIT Victory Golf Polo,50.0,0,11/29/2016 7:10,Same Day
DEBIT,4,4,53.93999863,165.9600067,Shipping on time,0,29,Shop By Sport,Caguas,Puerto Rico,7117,Consumer,PR,5,Golf,18.21286774,-66.3706131,LATAM,Brasília,Brasil,7117,6/6/2017 8:23,60788,627,33.99000168,0.170000002,152117,39.99000168,0.330000013,5,199.9499969,165.9600067,53.93999863,South America,Distrito Federal,COMPLETE,,627,29,,Under Armour Girls' Toddler Spine Surge Runni,39.99000168,0,6/10/2017 8:23,Standard Class
DEBIT,2,1,54.81000137,188.9900055,Late delivery,1,48,Water Sports,Caguas,Puerto Rico,3040,Corporate,PR,7,Fan Shop,18.24617577,-66.37051392,LATAM,Salamanca,México,3040,5/2/2015 4:33,8303,1073,11.0,0.059999999,20744,199.9900055,0.289999992,1,199.9900055,188.9900055,54.81000137,Central America,Guanajuato,COMPLETE,,1073,48,,Pelican Sunstream 100 Kayak,199.9900055,0,5/4/2015 4:33,First Class
CASH,6,4,15.82999992,54.59000015,Late delivery,1,17,Cleats,Mount Pleasant,EE. UU.,7286,Home Office,MI,4,Apparel,43.60359955,-84.769104,Europe,Neuilly-sur-Seine,Francia,7286,7/29/2017 21:06,64455,365,5.400000095,0.090000004,161119,59.99000168,0.289999992,1,59.99000168,54.59000015,15.82999992,Western Europe,Isla de Francia,CLOSED,,365,17,,Perfect Fitness Perfect Rip Deck,59.99000168,0,8/4/2017 21:06,Standard Class
DEBIT,4,2,117.6200027,347.980011,Late delivery,1,45,Fishing,New York,EE. UU.,10221,Home Office,NY,7,Fan Shop,40.79811859,-73.96691895,USCA,Milwaukee,Estados Unidos,10221,5/14/2016 18:44,34238,1004,52.0,0.129999995,85484,399.980011,0.340000004,1,399.980011,347.980011,117.6200027,US Center ,Wisconsin,COMPLETE,53209.0,1004,45,,Field & Stream Sportsman 16 Gun Fire Safe,399.980011,0,5/18/2016 18:44,Second Class
TRANSFER,6,4,-10.35000038,43.5,Late delivery,1,24,Women's Apparel,Weslaco,EE. UU.,2658,Consumer,TX,5,Golf,26.16252518,-97.98887634,LATAM,São Miguel dos Campos,Brasil,2658,5/30/2015 9:25,10235,502,6.5,0.129999995,25592,50.0,-0.239999995,1,50.0,43.5,-10.35000038,South America,Alagoas,PENDING,,502,24,,Nike Men's Dri-FIT Victory Golf Polo,50.0,0,6/5/2015 9:25,Standard Class
DEBIT,4,4,-26.22999954,120.8899994,Shipping on time,0,18,Men's Footwear,Normal,EE. UU.,9847,Consumer,IL,4,Apparel,40.50857925,-88.98264313,Europe,Ancona,Italia,9847,8/10/2017 3:55,65228,403,9.100000381,0.07,163010,129.9900055,-0.219999999,1,129.9900055,120.8899994,-26.22999954,Southern Europe,Marche,COMPLETE,,403,18,,Nike Men's CJ Elite 2 TD Football Cleat,129.9900055,0,8/14/2017 3:55,Standard Class
TRANSFER,2,1,65.0,129.9900055,Late delivery,1,18,Men's Footwear,Memphis,EE. UU.,11663,Home Office,TN,4,Apparel,35.09432602,-90.01806641,Europe,Gera,Alemania,11663,7/10/2015 21:27,13078,403,0.0,0.0,32711,129.9900055,0.5,1,129.9900055,129.9900055,65.0,Western Europe,Turingia,PROCESSING,,403,18,,Nike Men's CJ Elite 2 TD Football Cleat,129.9900055,0,7/12/2015 21:27,First Class
DEBIT,4,2,61.43000031,227.5,Late delivery,1,24,Women's Apparel,Greeley,EE. UU.,10952,Corporate,CO,5,Golf,40.41231918,-104.6923523,LATAM,Ituiutaba,Brasil,10952,1/5/2015 23:49,343,502,22.5,0.090000004,850,50.0,0.270000011,5,250.0,227.5,61.43000031,South America,Minas Gerais,COMPLETE,,502,24,,Nike Men's Dri-FIT Victory Golf Polo,50.0,0,1/9/2015 23:49,Second Class
DEBIT,6,2,86.37999725,191.9499969,Late delivery,1,29,Shop By Sport,Austin,EE. UU.,1702,Consumer,TX,5,Golf,30.20363426,-97.7858963,LATAM,La Romana,República Dominicana,1702,3/17/2017 19:11,55270,627,8.0,0.039999999,138232,39.99000168,0.449999988,5,199.9499969,191.9499969,86.37999725,Caribbean,La Romana,COMPLETE,,627,29,,Under Armour Girls' Toddler Spine Surge Runni,39.99000168,0,3/23/2017 19:11,Second Class
CASH,2,1,1.5,23.75,Late delivery,1,7,Hockey,Chicago,EE. UU.,5405,Consumer,IL,2,Fitness,41.89561081,-87.70015717,USCA,Kent,Estados Unidos,5405,8/17/2016 15:59,40738,134,1.25,0.050000001,101645,25.0,0.059999999,1,25.0,23.75,1.5,East of USA,Ohio,CLOSED,44240.0,134,7,,Nike Women's Legend V-Neck T-Shirt,25.0,0,8/19/2016 15:59,First Class
TRANSFER,2,1,61.77000046,128.6900024,Late delivery,1,18,Men's Footwear,Plymouth,EE. UU.,10591,Corporate,MA,4,Apparel,41.92156601,-70.79362488,Europe,Genk,Bélgica,10591,7/26/2015 12:19,14148,403,1.299999952,0.01,35406,129.9900055,0.479999989,1,129.9900055,128.6900024,61.77000046,Western Europe,Limburgo,PENDING,,403,18,,Nike Men's CJ Elite 2 TD Football Cleat,129.9900055,0,7/28/2015 12:19,First Class
PAYMENT,4,4,-23.89999962,53.09999847,Shipping on time,0,13,Electronics,Caguas,Puerto Rico,452,Home Office,PR,3,Footwear,18.22267723,-66.00410461,USCA,Los Angeles,Estados Unidos,452,8/3/2016 22:39,39798,276,10.88000011,0.170000002,99309,31.98999977,-0.449999988,2,63.97999954,53.09999847,-23.89999962,West of USA ,California,PENDING_PAYMENT,90045.0,276,13,,Under Armour Women's Ignite Slide,31.98999977,0,8/7/2016 22:39,Standard Class
DEBIT,4,2,107.9800034,215.9600067,Late delivery,1,17,Cleats,Caguas,Puerto Rico,4809,Corporate,PR,4,Apparel,18.26587677,-66.37062073,Pacific Asia,Sabzevar,Irán,4809,1/6/2017 9:49,50448,365,24.0,0.100000001,126055,59.99000168,0.5,4,239.9600067,215.9600067,107.9800034,South Asia,Jorasán Razaví,COMPLETE,,365,17,,Perfect Fitness Perfect Rip Deck,59.99000168,0,1/10/2017 9:49,Second Class
DEBIT,5,2,112.6699982,359.980011,Late delivery,1,45,Fishing,Washington,EE. UU.,7207,Consumer,DC,7,Fan Shop,38.90260315,-76.98190308,LATAM,Macapá,Brasil,7207,4/8/2017 12:51,56759,1004,40.0,0.100000001,141957,399.980011,0.310000002,1,399.980011,359.980011,112.6699982,South America,Amapá,COMPLETE,,1004,45,,Field & Stream Sportsman 16 Gun Fire Safe,399.980011,0,4/13/2017 12:51,Second Class
DEBIT,2,1,13.68999958,83.97000122,Late delivery,1,46,Indoor/Outdoor Games,Caguas,Puerto Rico,6284,Consumer,PR,7,Fan Shop,18.29368973,-66.37052155,Europe,Seville,España,6284,8/10/2015 17:44,15191,1014,15.98999977,0.159999996,38006,49.97999954,0.159999996,2,99.95999908,83.97000122,13.68999958,Southern Europe,Andalucía,COMPLETE,,1014,46,,O'Brien Men's Neoprene Life Vest,49.97999954,0,8/12/2015 17:44,First Class
DEBIT,2,4,40.70000076,110.0,Advance shipping,0,7,Hockey,Caguas,Puerto Rico,2192,Consumer,PR,2,Fitness,18.24031067,-66.37055206,Pacific Asia,Riyadh,Arabia Saudí,2192,11/10/2016 2:01,46521,134,15.0,0.119999997,116305,25.0,0.370000005,5,125.0,110.0,40.70000076,West Asia,Riad,COMPLETE,,134,7,,Nike Women's Legend V-Neck T-Shirt,25.0,0,11/12/2016 2:01,Standard Class
DEBIT,4,4,38.84000015,149.3800049,Shipping on time,0,17,Cleats,Caguas,Puerto Rico,11118,Consumer,PR,4,Apparel,18.23320007,-66.37062073,LATAM,Managua,Nicaragua,11118,3/15/2015 19:41,5058,365,30.59000015,0.170000002,12649,59.99000168,0.25999999,3,179.9700012,149.3800049,38.84000015,Central America,Managua,COMPLETE,,365,17,,Perfect Fitness Perfect Rip Deck,59.99000168,0,3/19/2015 19:41,Standard Class
CASH,4,4,24.14999962,113.3799973,Shipping on time,0,17,Cleats,Eugene,EE. UU.,9277,Corporate,OR,4,Apparel,44.0263443,-123.0935287,Europe,Wiesbaden,Alemania,9277,9/13/2015 18:44,17523,365,6.599999905,0.059999999,43808,59.99000168,0.209999993,2,119.9800034,113.3799973,24.14999962,Western Europe,Hesse,CLOSED,,365,17,,Perfect Fitness Perfect Rip Deck,59.99000168,0,9/17/2015 18:44,Standard Class
PAYMENT,4,4,29.82999992,110.4899979,Shipping on time,0,18,Men's Footwear,Pharr,EE. UU.,7450,Corporate,TX,4,Apparel,26.19762421,-98.19145203,Europe,Hamm,Alemania,7450,10/10/2015 15:22,19363,403,19.5,0.150000006,48406,129.9900055,0.270000011,1,129.9900055,110.4899979,29.82999992,Western Europe,Renania del Norte-Westfalia,PENDING_PAYMENT,,403,18,,Nike Men's CJ Elite 2 TD Football Cleat,129.9900055,0,10/14/2015 15:22,Standard Class
PAYMENT,2,2,-67.97000122,39.97999954,Shipping on time,0,36,Golf Balls,Catonsville,EE. UU.,4202,Corporate,MD,6,Outdoors,39.27961731,-76.71038055,LATAM,Castanhal,Brasil,4202,1/19/2015 14:41,1276,804,0.0,0.0,3167,19.98999977,-1.700000048,2,39.97999954,39.97999954,-67.97000122,South America,Pará,PENDING_PAYMENT,,804,36,,Glove It Women's Imperial Golf Glove,19.98999977,0,1/21/2015 14:41,Second Class
DEBIT,3,4,12.60000038,167.9900055,Advance shipping,0,48,Water Sports,Encinitas,EE. UU.,11510,Consumer,CA,7,Fan Shop,33.04647064,-117.2896729,Europe,Bognor Regis,Reino Unido,11510,7/23/2017 2:53,63992,1073,32.0,0.159999996,159994,199.9900055,0.079999998,1,199.9900055,167.9900055,12.60000038,Northern Europe,Inglaterra,COMPLETE,,1073,48,,Pelican Sunstream 100 Kayak,199.9900055,0,7/26/2017 2:53,Standard Class
PAYMENT,4,4,33.45999908,128.6900024,Shipping on time,0,18,Men's Footwear,Raleigh,EE. UU.,6632,Consumer,NC,4,Apparel,35.78026962,-78.61565399,Europe,Clamart,Francia,6632,8/24/2017 16:30,66223,403,1.299999952,0.01,165543,129.9900055,0.25999999,1,129.9900055,128.6900024,33.45999908,Western Europe,Isla de Francia,PENDING_PAYMENT,,403,18,,Nike Men's CJ Elite 2 TD Football Cleat,129.9900055,0,8/28/2017 16:30,Standard Class
CASH,2,4,67.87999725,147.5800018,Advance shipping,0,17,Cleats,Caguas,Puerto Rico,8578,Consumer,PR,4,Apparel,18.20775795,-66.37052918,LATAM,Torreón,México,8578,2/28/2017 3:37,54061,365,32.38999939,0.180000007,135167,59.99000168,0.460000008,3,179.9700012,147.5800018,67.87999725,Central America,Coahuila,CLOSED,,365,17,,Perfect Fitness Perfect Rip Deck,59.99000168,0,3/2/2017 3:37,Standard Class
PAYMENT,5,4,69.97000122,199.9199982,Late delivery,1,46,Indoor/Outdoor Games,Martinsburg,EE. UU.,8254,Consumer,WV,7,Fan Shop,39.45571137,-77.96917725,Africa,Mogadishu,Somalia,8254,10/15/2016 22:44,44799,1014,49.97999954,0.200000003,111904,49.97999954,0.349999994,5,249.8999939,199.9199982,69.97000122,East Africa,Benadir,PENDING_PAYMENT,,1014,46,,O'Brien Men's Neoprene Life Vest,49.97999954,0,10/20/2016 22:44,Standard Class
DEBIT,2,1,50.95999908,195.9900055,Late delivery,1,48,Water Sports,Rochester,EE. UU.,9656,Corporate,NY,7,Fan Shop,43.18824005,-77.56706238,Europe,Leicester,Reino Unido,9656,9/28/2015 23:05,18563,1073,4.0,0.02,46398,199.9900055,0.25999999,1,199.9900055,195.9900055,50.95999908,Northern Europe,Inglaterra,COMPLETE,,1073,48,,Pelican Sunstream 100 Kayak,199.9900055,0,9/30/2015 23:05,First Class
TRANSFER,5,2,-10.02999973,113.9800034,Late delivery,1,17,Cleats,Folsom,EE. UU.,11257,Consumer,CA,4,Apparel,38.69214249,-121.1317825,Pacific Asia,Delhi,India,11257,1/25/2016 17:29,26699,365,6.0,0.050000001,66860,59.99000168,-0.090000004,2,119.9800034,113.9800034,-10.02999973,South Asia,Delhi,PENDING,,365,17,,Perfect Fitness Perfect Rip Deck,59.99000168,0,1/30/2016 17:29,Second Class
DEBIT,2,1,10.56000042,105.5699997,Late delivery,1,29,Shop By Sport,Columbia,EE. UU.,3257,Consumer,SC,5,Golf,34.07184982,-80.95857239,Africa,Cairo,Egipto,3257,11/24/2016 17:04,47523,627,14.39999962,0.119999997,118810,39.99000168,0.100000001,3,119.9700012,105.5699997,10.56000042,North Africa,El Cairo,COMPLETE,,627,29,,Under Armour Girls' Toddler Spine Surge Runni,39.99000168,0,11/26/2016 17:04,First Class
TRANSFER,2,1,32.02999878,114.3899994,Late delivery,1,18,Men's Footwear,New York,EE. UU.,11065,Consumer,NY,4,Apparel,40.82476044,-73.94992065,LATAM,Buenos Aires,Argentina,11065,2/18/2015 22:42,3354,403,15.60000038,0.119999997,8335,129.9900055,0.280000001,1,129.9900055,114.3899994,32.02999878,South America,Buenos Aires,PENDING,,403,18,,Nike Men's CJ Elite 2 TD Football Cleat,129.9900055,0,2/20/2015 22:42,First Class
CASH,4,4,17.63999939,52.18999863,Shipping on time,0,17,Cleats,New York,EE. UU.,7636,Consumer,NY,4,Apparel,40.82476044,-73.94992065,Pacific Asia,Bangkok,Tailandia,7636,11/8/2015 16:33,21353,365,7.800000191,0.129999995,53398,59.99000168,0.340000004,1,59.99000168,52.18999863,17.63999939,Southeast Asia,Bangkok,CLOSED,,365,17,,Perfect Fitness Perfect Rip Deck,59.99000168,0,11/12/2015 16:33,Standard Class
TRANSFER,2,1,7.860000134,69.58000183,Shipping canceled,0,29,Shop By Sport,Pharr,EE. UU.,4711,Corporate,TX,5,Golf,26.19762421,-98.19145203,Pacific Asia,Shihezi,China,4711,2/15/2016 4:19,28100,627,10.39999962,0.129999995,70294,39.99000168,0.109999999,2,79.98000336,69.58000183,7.860000134,Eastern Asia,Xinjiang Uygur,CANCELED,,627,29,,Under Armour Girls' Toddler Spine Surge Runni,39.99000168,0,2/17/2016 4:19,First Class
TRANSFER,4,4,75.68000031,260.980011,Shipping on time,0,43,Camping & Hiking,Amarillo,EE. UU.,10678,Corporate,TX,7,Fan Shop,35.22186661,-101.8741608,Africa,Thies Nones,Senegal,10678,12/19/2016 16:09,49233,957,39.0,0.129999995,123090,299.980011,0.289999992,1,299.980011,260.980011,75.68000031,West Africa,Thiès,PENDING,,957,43,,Diamondback Women's Serene Classic Comfort Bi,299.980011,0,12/23/2016 16:09,Standard Class
PAYMENT,4,4,83.12999725,237.5,Shipping on time,0,24,Women's Apparel,Caguas,Puerto Rico,11631,Consumer,PR,5,Golf,18.23458672,-66.37050629,Pacific Asia,Invercargill,Nueva Zelanda,11631,3/28/2016 13:22,31003,502,12.5,0.050000001,77493,50.0,0.349999994,5,250.0,237.5,83.12999725,Oceania,Southland,PENDING_PAYMENT,,502,24,,Nike Men's Dri-FIT Victory Golf Polo,50.0,0,4/1/2016 13:22,Standard Class
CASH,0,0,109.1900024,419.9599915,Shipping on time,0,9,Cardio Equipment,Brooklyn,EE. UU.,1996,Consumer,NY,3,Footwear,40.6416893,-74.01692963,LATAM,Conselheiro Lafaiete,Brasil,1996,3/5/2015 1:08,4320,191,79.98999786,0.159999996,10817,99.98999786,0.25999999,5,499.9500122,419.9599915,109.1900024,South America,Minas Gerais,CLOSED,,191,9,,Nike Men's Free 5.0+ Running Shoe,99.98999786,0,3/5/2015 13:08,Same Day
DEBIT,4,4,41.97999954,83.97000122,Shipping on time,0,46,Indoor/Outdoor Games,West Covina,EE. UU.,11133,Corporate,CA,7,Fan Shop,34.0547142,-117.9447479,LATAM,Coyoacán,México,11133,3/24/2015 6:53,5638,1014,15.98999977,0.159999996,14056,49.97999954,0.5,2,99.95999908,83.97000122,41.97999954,Central America,Distrito Federal,COMPLETE,,1014,46,,O'Brien Men's Neoprene Life Vest,49.97999954,0,3/28/2015 6:53,Standard Class
PAYMENT,6,4,178.4600067,387.9599915,Late delivery,1,9,Cardio Equipment,Hayward,EE. UU.,3761,Consumer,CA,3,Footwear,37.6694603,-122.1121979,USCA,Smyrna,Estados Unidos,3761,4/22/2016 0:54,32680,191,12.0,0.029999999,81761,99.98999786,0.460000008,4,399.9599915,387.9599915,178.4600067,South of  USA ,Georgia,PENDING_PAYMENT,30080.0,191,9,,Nike Men's Free 5.0+ Running Shoe,99.98999786,0,4/28/2016 0:54,Standard Class
DEBIT,6,4,41.41999817,127.4499969,Late delivery,1,46,Indoor/Outdoor Games,Clovis,EE. UU.,5763,Home Office,CA,7,Fan Shop,36.80200195,-119.7001572,Pacific Asia,Canberra,Australia,5763,12/23/2015 9:18,24415,1014,22.48999977,0.150000006,61075,49.97999954,0.330000013,3,149.9400024,127.4499969,41.41999817,Oceania,Territorio de la Capital Australiana,COMPLETE,,1014,46,,O'Brien Men's Neoprene Life Vest,49.97999954,0,12/29/2015 9:18,Standard Class
PAYMENT,0,0,114.9100037,339.980011,Shipping on time,0,45,Fishing,Brooklyn,EE. UU.,7762,Consumer,NY,7,Fan Shop,40.61923981,-74.03337097,Africa,Kikwit,República Democrática del Congo,7762,12/9/2016 3:12,48511,1004,60.0,0.150000006,121318,399.980011,0.340000004,1,399.980011,339.980011,114.9100037,Central Africa,Bandundu,PAYMENT_REVIEW,,1004,45,,Field & Stream Sportsman 16 Gun Fire Safe,399.980011,0,12/9/2016 15:12,Same Day
DEBIT,2,1,23.51000023,117.5699997,Late delivery,1,29,Shop By Sport,Salt Lake City,EE. UU.,3574,Home Office,UT,5,Golf,40.72182465,-111.9390488,LATAM,Macapá,Brasil,3574,4/8/2017 14:15,56763,627,2.400000095,0.02,141968,39.99000168,0.200000003,3,119.9700012,117.5699997,23.51000023,South America,Amapá,COMPLETE,,627,29,,Under Armour Girls' Toddler Spine Surge Runni,39.99000168,0,4/10/2017 14:15,First Class
TRANSFER,2,4,50.56000137,149.5899963,Advance shipping,0,67,DVDs,Caguas,Puerto Rico,14954,Consumer,PR,9,Discs Shop,18.20366097,-66.03705597,Europe,Aix-en-Provence,Francia,14954,11/8/2017 6:36,71401,1354,14.78999996,0.090000004,174716,164.3800049,0.340000004,1,164.3800049,149.5899963,50.56000137,Western Europe,Provenza-Alpes-Costa Azul,PENDING,,1354,67,,DVDs ,164.3800049,0,11/10/2017 6:36,Standard Class
DEBIT,2,1,133.8000031,361.6300049,Late delivery,1,62,Cameras ,Caguas,Puerto Rico,13313,Consumer,PR,10,Technology,18.20193481,-66.03705597,Europe,Oyonnax,Francia,13313,10/15/2017 7:41,69760,1349,90.41000366,0.200000003,173075,452.0400085,0.370000005,1,452.0400085,361.6300049,133.8000031,Western Europe,Auvernia-Ródano-Alpes,COMPLETE,,1349,62,,Web Camera,452.0400085,0,10/17/2017 7:41,First Class
PAYMENT,1,0,96.3199997,284.980011,Late delivery,1,43,Camping & Hiking,Mcallen,EE. UU.,5974,Consumer,TX,7,Fan Shop,26.20684242,-98.24909973,Pacific Asia,Kollam,India,5974,2/13/2016 23:36,28018,957,15.0,0.050000001,70104,299.980011,0.340000004,1,299.980011,284.980011,96.3199997,South Asia,Kerala,PENDING_PAYMENT,,957,43,,Diamondback Women's Serene Classic Comfort Bi,299.980011,0,2/14/2016 11:36,Same Day
DEBIT,6,2,50.49000168,296.980011,Late delivery,1,43,Camping & Hiking,Caguas,Puerto Rico,9690,Corporate,PR,7,Fan Shop,18.25218201,-66.37059021,USCA,Chicago,Estados Unidos,9690,6/4/2016 14:41,35665,957,3.0,0.01,89073,299.980011,0.170000002,1,299.980011,296.980011,50.49000168,US Center ,Illinois,COMPLETE,60623.0,957,43,,Diamondback Women's Serene Classic Comfort Bi,299.980011,0,6/10/2016 14:41,Second Class
DEBIT,4,2,40.0,399.980011,Late delivery,1,45,Fishing,Caguas,Puerto Rico,11163,Consumer,PR,7,Fan Shop,18.23706627,-66.37062836,Pacific Asia,Kartal,Turquía,11163,12/10/2016 0:56,48573,1004,0.0,0.0,121464,399.980011,0.100000001,1,399.980011,399.980011,40.0,West Asia,Estambul,COMPLETE,,1004,45,,Field & Stream Sportsman 16 Gun Fire Safe,399.980011,0,12/14/2016 0:56,Second Class
PAYMENT,3,2,-237.5599976,143.9799957,Late delivery,1,17,Cleats,Albuquerque,EE. UU.,2235,Consumer,NM,4,Apparel,35.11821365,-106.7038727,Pacific Asia,Shanghái,China,2235,10/25/2015 17:37,20397,365,35.99000168,0.200000003,50926,59.99000168,-1.649999976,3,179.9700012,143.9799957,-237.5599976,Eastern Asia,Shanghái,PENDING_PAYMENT,,365,17,,Perfect Fitness Perfect Rip Deck,59.99000168,0,10/28/2015 17:37,Second Class
TRANSFER,4,4,61.70999908,169.9900055,Shipping canceled,0,48,Water Sports,El Paso,EE. UU.,7979,Consumer,TX,7,Fan Shop,31.72096634,-106.3431778,Pacific Asia,Zanyán,Irán,7979,12/26/2016 5:49,49683,1073,30.0,0.150000006,124191,199.9900055,0.360000014,1,199.9900055,169.9900055,61.70999908,South Asia,Zanyán,SUSPECTED_FRAUD,,1073,48,,Pelican Sunstream 100 Kayak,199.9900055,0,12/30/2016 5:49,Standard Class
TRANSFER,3,4,7.940000057,126.0899963,Advance shipping,0,18,Men's Footwear,Caguas,Puerto Rico,8043,Corporate,PR,4,Apparel,18.2646656,-66.37050629,Europe,Brighton,Reino Unido,8043,8/1/2015 23:52,14592,403,3.900000095,0.029999999,36495,129.9900055,0.059999999,1,129.9900055,126.0899963,7.940000057,Northern Europe,Inglaterra,PENDING,,403,18,,Nike Men's CJ Elite 2 TD Football Cleat,129.9900055,0,8/4/2015 23:52,Standard Class
DEBIT,2,1,20.70000076,63.70000076,Late delivery,1,26,Girls' Apparel,San Diego,EE. UU.,11321,Corporate,CA,5,Golf,32.75012589,-117.1374207,LATAM,Panama City,Panamá,11321,5/19/2015 10:40,9485,565,6.300000191,0.090000004,23701,70.0,0.330000013,1,70.0,63.70000076,20.70000076,Central America,Panamá,COMPLETE,,565,26,,adidas Youth Germany Black/Red Away Match Soc,70.0,0,5/21/2015 10:40,First Class
PAYMENT,5,2,3.099999905,49.18999863,Late delivery,1,17,Cleats,Irwin,EE. UU.,5084,Corporate,PA,4,Apparel,40.32811356,-79.70446014,Europe,La Roche-sur-Yon,Francia,5084,6/25/2015 22:42,12054,365,10.80000019,0.180000007,30132,59.99000168,0.059999999,1,59.99000168,49.18999863,3.099999905,Western Europe,Países del Loira,PENDING_PAYMENT,,365,17,,Perfect Fitness Perfect Rip Deck,59.99000168,0,6/30/2015 22:42,Second Class
DEBIT,4,4,84.98999786,424.9599915,Shipping on time,0,9,Cardio Equipment,Chicago,EE. UU.,6724,Corporate,IL,3,Footwear,41.88251114,-88.20147705,Pacific Asia,Yakarta,Indonesia,6724,12/16/2015 4:56,23923,191,74.98999786,0.150000006,59877,99.98999786,0.200000003,5,499.9500122,424.9599915,84.98999786,Southeast Asia,Yakarta,ON_HOLD,,191,9,,Nike Men's Free 5.0+ Running Shoe,99.98999786,0,12/20/2015 4:56,Standard Class
DEBIT,2,1,15.97000027,43.97999954,Late delivery,1,46,Indoor/Outdoor Games,Caguas,Puerto Rico,3269,Home Office,PR,7,Fan Shop,18.27232742,-66.37056732,Europe,Emden,Alemania,3269,7/5/2017 0:49,62753,1014,6.0,0.119999997,156889,49.97999954,0.360000014,1,49.97999954,43.97999954,15.97000027,Western Europe,Baja Sajonia,COMPLETE,,1014,46,,O'Brien Men's Neoprene Life Vest,49.97999954,0,7/7/2017 0:49,First Class
PAYMENT,3,4,18.60000038,185.9499969,Advance shipping,0,29,Shop By Sport,Hialeah,EE. UU.,161,Corporate,FL,5,Golf,25.81123352,-80.26307678,LATAM,Buenos Aires,Argentina,161,1/22/2017 9:06,51542,627,14.0,0.07,128815,39.99000168,0.100000001,5,199.9499969,185.9499969,18.60000038,South America,Buenos Aires,PENDING_PAYMENT,,627,29,,Under Armour Girls' Toddler Spine Surge Runni,39.99000168,0,1/25/2017 9:06,Standard Class
PAYMENT,2,4,3.450000048,39.18999863,Advance shipping,0,29,Shop By Sport,Cleveland,EE. UU.,8308,Consumer,OH,5,Golf,41.436409,-81.70665741,Pacific Asia,Suzhou,China,8308,3/6/2016 11:39,29491,627,0.800000012,0.02,73802,39.99000168,0.090000004,1,39.99000168,39.18999863,3.450000048,Eastern Asia,Anhui,PENDING_PAYMENT,,627,29,,Under Armour Girls' Toddler Spine Surge Runni,39.99000168,0,3/8/2016 11:39,Standard Class
DEBIT,0,0,31.68000031,359.980011,Shipping on time,0,45,Fishing,Tustin,EE. UU.,4269,Corporate,CA,7,Fan Shop,33.77279663,-117.8358154,LATAM,Buenos Aires,Argentina,4269,1/7/2015 2:05,418,1004,40.0,0.100000001,1043,399.980011,0.090000004,1,399.980011,359.980011,31.68000031,South America,Buenos Aires,COMPLETE,,1004,45,,Field & Stream Sportsman 16 Gun Fire Safe,399.980011,0,1/7/2015 14:05,Same Day
PAYMENT,6,4,108.8000031,278.980011,Late delivery,1,43,Camping & Hiking,Caguas,Puerto Rico,1826,Corporate,PR,7,Fan Shop,18.22408104,-66.37049866,USCA,Philadelphia,Estados Unidos,1826,5/12/2016 11:23,34080,957,21.0,0.07,85071,299.980011,0.389999986,1,299.980011,278.980011,108.8000031,East of USA,Pensilvania,PENDING_PAYMENT,19134.0,957,43,,Diamondback Women's Serene Classic Comfort Bi,299.980011,0,5/18/2016 11:23,Standard Class
TRANSFER,5,4,77.08000183,163.9900055,Late delivery,1,48,Water Sports,Tucson,EE. UU.,9844,Home Office,AZ,7,Fan Shop,32.19884491,-111.0877686,Europe,Duisburg,Alemania,9844,9/26/2017 4:22,68449,1073,36.0,0.180000007,171133,199.9900055,0.469999999,1,199.9900055,163.9900055,77.08000183,Western Europe,Renania del Norte-Westfalia,PROCESSING,,1073,48,,Pelican Sunstream 100 Kayak,199.9900055,0,10/1/2017 4:22,Standard Class
TRANSFER,3,4,-268.7900085,335.980011,Advance shipping,0,45,Fishing,Caguas,Puerto Rico,11850,Corporate,PR,7,Fan Shop,18.21550179,-66.37050629,Africa,Marrakech,Marruecos,11850,9/28/2016 9:37,43597,1004,64.0,0.159999996,108878,399.980011,-0.800000012,1,399.980011,335.980011,-268.7900085,North Africa,Marrakech-Tensift-Al Hauz,PENDING,,1004,45,,Field & Stream Sportsman 16 Gun Fire Safe,399.980011,0,10/1/2016 9:37,Standard Class
DEBIT,6,4,23.38999939,179.9299927,Late delivery,1,46,Indoor/Outdoor Games,Caguas,Puerto Rico,7254,Consumer,PR,7,Fan Shop,18.2951107,-66.37062073,LATAM,Panama City,Panamá,7254,5/22/2015 17:29,9710,1014,19.98999977,0.100000001,24250,49.97999954,0.129999995,4,199.9199982,179.9299927,23.38999939,Central America,Panamá,COMPLETE,,1014,46,,O'Brien Men's Neoprene Life Vest,49.97999954,0,5/28/2015 17:29,Standard Class
DEBIT,5,2,71.97000122,149.9400024,Late delivery,1,46,Indoor/Outdoor Games,Sunnyvale,EE. UU.,10662,Home Office,CA,7,Fan Shop,37.34466934,-122.0356674,Pacific Asia,Manila,Filipinas,10662,2/2/2016 9:25,27224,1014,49.97999954,0.25,68209,49.97999954,0.479999989,4,199.9199982,149.9400024,71.97000122,Southeast Asia,Capital Nacional,COMPLETE,,1014,46,,O'Brien Men's Neoprene Life Vest,49.97999954,0,2/7/2016 9:25,Second Class
DEBIT,2,4,42.20000076,199.9900055,Advance shipping,0,48,Water Sports,Harvey,EE. UU.,10112,Consumer,IL,7,Fan Shop,41.78655243,-90.11724854,USCA,Dublín,Estados Unidos,10112,4/5/2016 2:51,31521,1073,0.0,0.0,78761,199.9900055,0.209999993,1,199.9900055,199.9900055,42.20000076,East of USA,Ohio,COMPLETE,43017.0,1073,48,,Pelican Sunstream 100 Kayak,199.9900055,0,4/7/2016 2:51,Standard Class
CASH,2,2,5.860000134,92.95999908,Shipping on time,0,40,Accessories,Caguas,Puerto Rico,6517,Consumer,PR,6,Outdoors,18.20879936,-66.37049866,Africa,Kisangani,República Democrática del Congo,6517,11/1/2016 16:34,45946,906,7.0,0.07,114829,24.98999977,0.059999999,4,99.95999908,92.95999908,5.860000134,Central Africa,Provincia Oriental,CLOSED,,906,40,,Team Golf Tennessee Volunteers Putter Grip,24.98999977,0,11/3/2016 16:34,Second Class
DEBIT,2,1,31.86000061,84.97000122,Late delivery,1,46,Indoor/Outdoor Games,Caguas,Puerto Rico,6070,Consumer,PR,7,Fan Shop,18.21300125,-66.37055206,LATAM,San Salvador,El Salvador,6070,1/4/2015 7:31,228,1014,14.98999977,0.150000006,560,49.97999954,0.379999995,2,99.95999908,84.97000122,31.86000061,Central America,San Salvador,ON_HOLD,,1014,46,,O'Brien Men's Neoprene Life Vest,49.97999954,0,1/6/2015 7:31,First Class
PAYMENT,5,4,77.5,250.0,Late delivery,1,24,Women's Apparel,Caguas,Puerto Rico,12107,Consumer,PR,5,Golf,18.27624703,-66.37054443,Europe,Kashira,Rusia,12107,11/6/2016 22:00,46304,502,0.0,0.0,115737,50.0,0.310000002,5,250.0,250.0,77.5,Eastern Europe,Moscú,PENDING_PAYMENT,,502,24,,Nike Men's Dri-FIT Victory Golf Polo,50.0,0,11/11/2016 22:00,Standard Class
DEBIT,2,1,76.43000031,293.9500122,Late delivery,1,17,Cleats,Michigan City,EE. UU.,12062,Consumer,IN,4,Apparel,41.68772507,-86.94359589,USCA,San Francisco,Estados Unidos,12062,5/28/2016 2:15,35150,365,6.0,0.02,87793,59.99000168,0.25999999,5,299.9500122,293.9500122,76.43000031,West of USA ,California,COMPLETE,94122.0,365,17,,Perfect Fitness Perfect Rip Deck,59.99000168,0,5/30/2016 2:15,First Class
PAYMENT,3,4,24.36000061,74.95999908,Advance shipping,0,36,Golf Balls,Caguas,Puerto Rico,2753,Home Office,PR,6,Outdoors,18.28672028,-66.37050629,Pacific Asia,Mildura,Australia,2753,10/28/2015 3:26,20562,810,24.98999977,0.25,51367,19.98999977,0.330000013,5,99.94999695,74.95999908,24.36000061,Oceania,Victoria,PENDING_PAYMENT,,810,36,,Glove It Women's Mod Oval Golf Glove,19.98999977,0,10/31/2015 3:26,Standard Class
DEBIT,2,1,-9.5,189.9900055,Late delivery,1,48,Water Sports,Caguas,Puerto Rico,12064,Corporate,PR,7,Fan Shop,18.28017044,-66.37052155,LATAM,Tehuacán,México,12064,3/24/2017 6:44,55714,1073,10.0,0.050000001,139341,199.9900055,-0.050000001,1,199.9900055,189.9900055,-9.5,Central America,Puebla,COMPLETE,,1073,48,,Pelican Sunstream 100 Kayak,199.9900055,0,3/26/2017 6:44,First Class
TRANSFER,2,1,193.9900055,387.980011,Late delivery,1,45,Fishing,Caguas,Puerto Rico,10600,Consumer,PR,7,Fan Shop,18.23513985,-66.37057495,Europe,Magdeburg,Alemania,10600,7/16/2015 23:32,13495,1004,12.0,0.029999999,33817,399.980011,0.5,1,399.980011,387.980011,193.9900055,Western Europe,Sajonia-Anhalt,PROCESSING,,1004,45,,Field & Stream Sportsman 16 Gun Fire Safe,399.980011,0,7/18/2015 23:32,First Class
TRANSFER,3,4,195.9900055,391.980011,Advance shipping,0,45,Fishing,Caguas,Puerto Rico,6411,Home Office,PR,7,Fan Shop,18.2542057,-66.37063599,Europe,Marseille,Francia,6411,6/20/2017 20:38,61782,1004,8.0,0.02,154439,399.980011,0.5,1,399.980011,391.980011,195.9900055,Western Europe,Provenza-Alpes-Costa Azul,PENDING,,1004,45,,Field & Stream Sportsman 16 Gun Fire Safe,399.980011,0,6/23/2017 20:38,Standard Class
DEBIT,5,4,74.95999908,152.9700012,Late delivery,1,17,Cleats,Philadelphia,EE. UU.,4830,Corporate,PA,4,Apparel,39.9591713,-75.24291229,Pacific Asia,Bhavnagar,India,4830,10/26/2015 3:05,20424,365,27.0,0.150000006,50987,59.99000168,0.49000001,3,179.9700012,152.9700012,74.95999908,South Asia,Guyarat,ON_HOLD,,365,17,,Perfect Fitness Perfect Rip Deck,59.99000168,0,10/31/2015 3:05,Standard Class
TRANSFER,2,4,33.36000061,106.5899963,Shipping canceled,0,18,Men's Footwear,Lockport,EE. UU.,10949,Corporate,NY,4,Apparel,43.16891098,-78.69216156,Europe,Viena,Austria,10949,8/17/2015 12:38,15656,403,23.39999962,0.180000007,39136,129.9900055,0.310000002,1,129.9900055,106.5899963,33.36000061,Western Europe,Viena,CANCELED,,403,18,,Nike Men's CJ Elite 2 TD Football Cleat,129.9900055,0,8/19/2015 12:38,Standard Class
DEBIT,2,4,136.7899933,359.980011,Advance shipping,0,45,Fishing,South Ozone Park,EE. UU.,7493,Consumer,NY,7,Fan Shop,40.67544937,-73.81114197,Europe,Madrid,España,7493,8/13/2015 21:03,15406,1004,40.0,0.100000001,38523,399.980011,0.379999995,1,399.980011,359.980011,136.7899933,Southern Europe,Madrid,ON_HOLD,,1004,45,,Field & Stream Sportsman 16 Gun Fire Safe,399.980011,0,8/15/2015 21:03,Standard Class
CASH,6,4,10.56000042,263.9700012,Late delivery,1,9,Cardio Equipment,Santa Fe,EE. UU.,6710,Corporate,NM,3,Footwear,35.66804123,-105.9611206,Europe,Toulouse,Francia,6710,6/27/2015 1:19,12130,191,36.0,0.119999997,30326,99.98999786,0.039999999,3,299.9700012,263.9700012,10.56000042,Western Europe,Languedoc-Rosellón-Mediodía-Pirineos,CLOSED,,191,9,,Nike Men's Free 5.0+ Running Shoe,99.98999786,0,7/3/2015 1:19,Standard Class
DEBIT,3,2,15.86999989,251.9799957,Late delivery,1,43,Camping & Hiking,Caguas,Puerto Rico,7223,Consumer,PR,7,Fan Shop,18.25402069,-66.37056732,Africa,Casablanca,Marruecos,7223,12/23/2016 17:54,49512,957,48.0,0.159999996,123747,299.980011,0.059999999,1,299.980011,251.9799957,15.86999989,North Africa,Gran Casablanca,COMPLETE,,957,43,,Diamondback Women's Serene Classic Comfort Bi,299.980011,0,12/26/2016 17:54,Second Class
PAYMENT,2,2,102.3700027,272.980011,Shipping on time,0,43,Camping & Hiking,Caguas,Puerto Rico,7517,Consumer,PR,7,Fan Shop,18.25199127,-66.37049866,USCA,San Diego,Estados Unidos,7517,5/31/2016 18:11,35401,957,27.0,0.090000004,88420,299.980011,0.379999995,1,299.980011,272.980011,102.3700027,West of USA ,California,PENDING_PAYMENT,92105.0,957,43,,Diamondback Women's Serene Classic Comfort Bi,299.980011,0,6/2/2016 18:11,Second Class
PAYMENT,2,2,35.86000061,204.9199982,Shipping on time,0,46,Indoor/Outdoor Games,Caguas,Puerto Rico,3516,Home Office,PR,7,Fan Shop,18.22132492,-66.37056732,LATAM,Vitória,Brasil,3516,2/11/2017 5:13,52901,1014,44.97999954,0.180000007,132254,49.97999954,0.180000007,5,249.8999939,204.9199982,35.86000061,South America,Espíritu Santo,PENDING_PAYMENT,,1014,46,,O'Brien Men's Neoprene Life Vest,49.97999954,0,2/13/2017 5:13,Second Class
CASH,6,4,54.90999985,124.7900009,Late delivery,1,18,Men's Footwear,Huntington Beach,EE. UU.,5050,Corporate,CA,4,Apparel,33.70994186,-117.9904709,USCA,Philadelphia,Estados Unidos,5050,4/10/2016 19:08,31910,403,5.199999809,0.039999999,79738,129.9900055,0.439999998,1,129.9900055,124.7900009,54.90999985,East of USA,Pensilvania,CLOSED,19143.0,403,18,,Nike Men's CJ Elite 2 TD Football Cleat,129.9900055,0,4/16/2016 19:08,Standard Class
TRANSFER,5,4,-82.8199997,347.980011,Late delivery,1,45,Fishing,New Braunfels,EE. UU.,3848,Home Office,TX,7,Fan Shop,29.69708443,-98.12406158,Africa,Port Harcourt,Nigeria,3848,9/18/2016 10:20,42914,1004,52.0,0.129999995,107188,399.980011,-0.239999995,1,399.980011,347.980011,-82.8199997,West Africa,Ríos,PROCESSING,,1004,45,,Field & Stream Sportsman 16 Gun Fire Safe,399.980011,0,9/23/2016 10:20,Standard Class
DEBIT,1,0,21.12000084,240.0,Late delivery,1,24,Women's Apparel,Caguas,Puerto Rico,11607,Corporate,PR,5,Golf,18.29012871,-66.3706131,LATAM,Baní,República Dominicana,11607,1/19/2015 22:02,1297,502,10.0,0.039999999,3220,50.0,0.090000004,5,250.0,240.0,21.12000084,Caribbean,Peravia,COMPLETE,,502,24,,Nike Men's Dri-FIT Victory Golf Polo,50.0,0,1/20/2015 10:02,Same Day
PAYMENT,4,4,138.2299957,287.980011,Shipping on time,0,43,Camping & Hiking,Caguas,Puerto Rico,9461,Home Office,PR,7,Fan Shop,18.24452782,-66.37055969,LATAM,La Vega,República Dominicana,9461,5/7/2015 0:10,8633,957,12.0,0.039999999,21542,299.980011,0.479999989,1,299.980011,287.980011,138.2299957,Caribbean,La Vega,PENDING_PAYMENT,,957,43,,Diamondback Women's Serene Classic Comfort Bi,299.980011,0,5/11/2015 0:10,Standard Class
TRANSFER,4,4,13.19999981,149.9900055,Shipping on time,0,48,Water Sports,Bronx,EE. UU.,5158,Consumer,NY,7,Fan Shop,40.88479996,-73.86613464,USCA,Seattle,Estados Unidos,5158,6/22/2016 18:09,36908,1073,50.0,0.25,92111,199.9900055,0.090000004,1,199.9900055,149.9900055,13.19999981,West of USA ,Washington,PROCESSING,98105.0,1073,48,,Pelican Sunstream 100 Kayak,199.9900055,0,6/26/2016 18:09,Standard Class
DEBIT,5,4,116.0599976,241.8000031,Late delivery,1,33,Golf Shoes,Tucson,EE. UU.,3952,Home Office,AZ,6,Outdoors,32.14844894,-110.9228516,Europe,Villiers-le-Bel,Francia,3952,6/2/2015 7:08,10434,728,18.20000076,0.07,26127,65.0,0.479999989,4,260.0,241.8000031,116.0599976,Western Europe,Isla de Francia,COMPLETE,,728,33,,LIJA Women's Eyelet Sleeveless Golf Polo,65.0,0,6/7/2015 7:08,Standard Class
DEBIT,3,2,58.79000092,173.9299927,Late delivery,1,46,Indoor/Outdoor Games,Chicago,EE. UU.,7854,Consumer,IL,7,Fan Shop,41.89599609,-87.676857,Europe,Angers,Francia,7854,9/20/2017 16:18,68072,1014,25.98999977,0.129999995,170187,49.97999954,0.340000004,4,199.9199982,173.9299927,58.79000092,Western Europe,Países del Loira,COMPLETE,,1014,46,,O'Brien Men's Neoprene Life Vest,49.97999954,0,9/23/2017 16:18,Second Class
TRANSFER,5,4,19.20999908,169.9900055,Late delivery,1,38,Kids' Golf Clubs,Las Vegas,EE. UU.,7501,Consumer,NV,6,Outdoors,36.11923599,-115.1725159,LATAM,Choluteca,Honduras,7501,5/13/2017 17:11,59169,858,30.0,0.150000006,148086,199.9900055,0.109999999,1,199.9900055,169.9900055,19.20999908,Central America,Choluteca,PROCESSING,,858,38,,GolfBuddy VT3 GPS Watch,199.9900055,0,5/18/2017 17:11,Standard Class
TRANSFER,4,4,14.34000015,53.09999847,Shipping on time,0,13,Electronics,Chicago,EE. UU.,1327,Home Office,IL,3,Footwear,41.7828064,-87.61464691,Europe,Nice,Francia,1327,7/27/2015 11:05,14213,276,10.88000011,0.170000002,35567,31.98999977,0.270000011,2,63.97999954,53.09999847,14.34000015,Western Europe,Provenza-Alpes-Costa Azul,PENDING,,276,13,,Under Armour Women's Ignite Slide,31.98999977,0,7/31/2015 11:05,Standard Class
TRANSFER,2,1,57.40000153,163.9900055,Late delivery,1,48,Water Sports,Caguas,Puerto Rico,7970,Consumer,PR,7,Fan Shop,18.27191353,-66.37051392,LATAM,Buenos Aires,Argentina,7970,4/26/2015 9:07,7905,1073,36.0,0.180000007,19754,199.9900055,0.349999994,1,199.9900055,163.9900055,57.40000153,South America,Buenos Aires,PROCESSING,,1073,48,,Pelican Sunstream 100 Kayak,199.9900055,0,4/28/2015 9:07,First Class
CASH,6,2,85.66999817,251.9600067,Late delivery,1,17,Cleats,Santa Ana,EE. UU.,2790,Consumer,CA,4,Apparel,33.96364975,-118.2096863,USCA,Aurora,Estados Unidos,2790,6/12/2016 20:37,36230,365,47.99000168,0.159999996,90462,59.99000168,0.340000004,5,299.9500122,251.9600067,85.66999817,West of USA ,Colorado,CLOSED,80013.0,365,17,,Perfect Fitness Perfect Rip Deck,59.99000168,0,6/18/2016 20:37,Second Class
TRANSFER,4,2,6.559999943,163.9799957,Late delivery,1,9,Cardio Equipment,Van Nuys,EE. UU.,7090,Consumer,CA,3,Footwear,34.18439102,-118.4465179,USCA,Los Angeles,Estados Unidos,7090,6/11/2016 0:08,36103,191,36.0,0.180000007,90158,99.98999786,0.039999999,2,199.9799957,163.9799957,6.559999943,West of USA ,California,PROCESSING,90008.0,191,9,,Nike Men's Free 5.0+ Running Shoe,99.98999786,0,6/15/2016 0:08,Second Class
CASH,4,2,1.470000029,113.3799973,Late delivery,1,17,Cleats,Irwin,EE. UU.,181,Home Office,PA,4,Apparel,33.93185043,-117.9664383,LATAM,Tegucigalpa,Honduras,181,5/23/2017 13:19,59843,365,6.599999905,0.059999999,149786,59.99000168,0.01,2,119.9800034,113.3799973,1.470000029,Central America,Francisco Morazán,CLOSED,,365,17,,Perfect Fitness Perfect Rip Deck,59.99000168,0,5/27/2017 13:19,Second Class
DEBIT,3,2,-141.1000061,201.5700073,Late delivery,1,17,Cleats,Los Angeles,EE. UU.,3869,Corporate,CA,4,Apparel,34.03488541,-118.2601166,LATAM,Maracaibo,Venezuela,3869,6/9/2017 14:52,61012,365,38.38999939,0.159999996,152634,59.99000168,-0.699999988,4,239.9600067,201.5700073,-141.1000061,South America,Zulia,COMPLETE,,365,17,,Perfect Fitness Perfect Rip Deck,59.99000168,0,6/12/2017 14:52,Second Class
DEBIT,3,4,31.87999916,127.5,Advance shipping,0,24,Women's Apparel,San Diego,EE. UU.,4258,Corporate,CA,5,Golf,32.76002502,-117.2483826,Europe,Chelmsford,Reino Unido,4258,9/30/2017 4:01,68722,502,22.5,0.150000006,171808,50.0,0.25,3,150.0,127.5,31.87999916,Northern Europe,Inglaterra,ON_HOLD,,502,24,,Nike Men's Dri-FIT Victory Golf Polo,50.0,0,10/3/2017 4:01,Standard Class
PAYMENT,4,2,11.27999973,31.07999992,Late delivery,1,59,Books ,Brooklyn,EE. UU.,12596,Corporate,NY,8,Book Shop,40.60237885,-73.95497131,Europe,Marsala,Italia,12596,10/4/2017 20:29,69043,1346,0.0,0.0,172358,31.07999992,0.360000014,1,31.07999992,31.07999992,11.27999973,Southern Europe,Sicilia,PENDING_PAYMENT,,1346,59,,Sports Books ,31.07999992,0,10/8/2017 20:29,Second Class
CASH,4,2,-13.0,103.9899979,Late delivery,1,18,Men's Footwear,Tempe,EE. UU.,3639,Corporate,AZ,4,Apparel,33.40329361,-111.9140549,LATAM,Managua,Nicaragua,3639,5/7/2017 8:26,58733,403,26.0,0.200000003,147014,129.9900055,-0.129999995,1,129.9900055,103.9899979,-13.0,Central America,Managua,CLOSED,,403,18,,Nike Men's CJ Elite 2 TD Football Cleat,129.9900055,0,5/11/2017 8:26,Second Class
TRANSFER,3,2,-85.05000305,126.0,Shipping canceled,0,24,Women's Apparel,Bend,EE. UU.,11481,Consumer,OR,5,Golf,44.07599258,-120.9686584,LATAM,Morelia,México,11481,5/30/2017 21:53,60347,502,24.0,0.159999996,151018,50.0,-0.680000007,3,150.0,126.0,-85.05000305,Central America,Michoacán,SUSPECTED_FRAUD,,502,24,,Nike Men's Dri-FIT Victory Golf Polo,50.0,0,6/2/2017 21:53,Second Class
PAYMENT,6,4,73.48999786,195.9799957,Late delivery,1,9,Cardio Equipment,Bronx,EE. UU.,956,Corporate,NY,3,Footwear,40.9066658,-73.85459137,Pacific Asia,Semarang,Indonesia,956,2/20/2016 20:57,28490,191,4.0,0.02,71305,99.98999786,0.379999995,2,199.9799957,195.9799957,73.48999786,Southeast Asia,Java Central,PENDING_PAYMENT,,191,9,,Nike Men's Free 5.0+ Running Shoe,99.98999786,0,2/26/2016 20:57,Standard Class
PAYMENT,1,0,62.40000153,124.7900009,Late delivery,1,18,Men's Footwear,Watsonville,EE. UU.,6862,Consumer,CA,4,Apparel,37.05044556,-121.7598801,Europe,Munich,Alemania,6862,6/22/2017 12:13,61895,403,5.199999809,0.039999999,154716,129.9900055,0.5,1,129.9900055,124.7900009,62.40000153,Western Europe,Bavaria,PENDING_PAYMENT,,403,18,,Nike Men's CJ Elite 2 TD Football Cleat,129.9900055,0,6/23/2017 0:13,Same Day
TRANSFER,5,4,91.47000122,251.9799957,Shipping canceled,0,43,Camping & Hiking,Caguas,Puerto Rico,2590,Consumer,PR,7,Fan Shop,18.29692459,-66.37059784,Pacific Asia,Nagercoil,India,2590,1/15/2016 19:15,26019,957,48.0,0.159999996,65118,299.980011,0.360000014,1,299.980011,251.9799957,91.47000122,South Asia,Tamil Nadu,SUSPECTED_FRAUD,,957,43,,Diamondback Women's Serene Classic Comfort Bi,299.980011,0,1/20/2016 19:15,Standard Class
DEBIT,3,4,125.2799988,1440.0,Advance shipping,0,64,Computers,Cleveland,EE. UU.,18115,Consumer,OH,10,Technology,41.44094086,-81.70545197,Pacific Asia,Mount Isa,Australia,18115,12/24/2017 10:02,74562,1351,60.0,0.039999999,177877,1500.0,0.090000004,1,1500.0,1440.0,125.2799988,Oceania,Queensland,COMPLETE,,1351,64,,Dell Laptop,1500.0,0,12/27/2017 10:02,Standard Class
DEBIT,6,4,-195.8300018,287.980011,Late delivery,1,43,Camping & Hiking,Honolulu,EE. UU.,4010,Corporate,HI,7,Fan Shop,21.30562019,-157.8386993,Africa,Bangui,República Centroafricana,4010,9/15/2016 19:37,42735,957,12.0,0.039999999,106663,299.980011,-0.680000007,1,299.980011,287.980011,-195.8300018,Central Africa,Bangui,COMPLETE,,957,43,,Diamondback Women's Serene Classic Comfort Bi,299.980011,0,9/21/2016 19:37,Standard Class
TRANSFER,2,1,10.44999981,118.7699966,Shipping canceled,0,29,Shop By Sport,Mechanicsburg,EE. UU.,3839,Consumer,PA,5,Golf,40.21145248,-77.0072937,Pacific Asia,Suihua,China,3839,2/9/2016 3:17,27686,627,1.200000048,0.01,69316,39.99000168,0.090000004,3,119.9700012,118.7699966,10.44999981,Eastern Asia,Heilongjiang,SUSPECTED_FRAUD,,627,29,,Under Armour Girls' Toddler Spine Surge Runni,39.99000168,0,2/11/2016 3:17,First Class
CASH,6,2,14.02999973,41.5,Late delivery,1,24,Women's Apparel,Fargo,EE. UU.,5051,Corporate,ND,5,Golf,46.84161377,-96.8080368,Europe,Kaunas,Lituania,5051,11/26/2016 4:48,47625,502,8.5,0.170000002,119080,50.0,0.340000004,1,50.0,41.5,14.02999973,Northern Europe,Kaunas,CLOSED,,502,24,,Nike Men's Dri-FIT Victory Golf Polo,50.0,0,12/2/2016 4:48,Second Class
CASH,4,4,42.08000183,159.9900055,Shipping on time,0,48,Water Sports,Rancho Cucamonga,EE. UU.,575,Corporate,CA,7,Fan Shop,34.12150574,-117.6062393,Africa,Kaduna,Nigeria,575,11/27/2016 11:38,47713,1073,40.0,0.200000003,119310,199.9900055,0.25999999,1,199.9900055,159.9900055,42.08000183,West Africa,Kaduna,CLOSED,,1073,48,,Pelican Sunstream 100 Kayak,199.9900055,0,12/1/2016 11:38,Standard Class
DEBIT,4,4,33.06000137,379.980011,Shipping on time,0,45,Fishing,Caguas,Puerto Rico,3462,Consumer,PR,7,Fan Shop,18.24834061,-66.3706131,Europe,Troisdorf,Alemania,3462,7/6/2015 0:05,12743,1004,20.0,0.050000001,31884,399.980011,0.090000004,1,399.980011,379.980011,33.06000137,Western Europe,Renania del Norte-Westfalia,COMPLETE,,1004,45,,Field & Stream Sportsman 16 Gun Fire Safe,399.980011,0,7/10/2015 0:05,Standard Class
TRANSFER,2,2,80.23999786,237.4100037,Shipping on time,0,46,Indoor/Outdoor Games,Caguas,Puerto Rico,5533,Consumer,PR,7,Fan Shop,18.26202202,-66.37059021,LATAM,Tlalnepantla,México,5533,1/17/2015 11:53,1131,1014,12.5,0.050000001,2807,49.97999954,0.340000004,5,249.8999939,237.4100037,80.23999786,Central America,México,PROCESSING,,1014,46,,O'Brien Men's Neoprene Life Vest,49.97999954,0,1/19/2015 11:53,Second Class
PAYMENT,3,2,-57.0,189.9900055,Late delivery,1,48,Water Sports,Escondido,EE. UU.,10987,Consumer,CA,7,Fan Shop,33.10881043,-117.0759964,LATAM,San Francisco de Macorís,República Dominicana,10987,3/1/2015 17:15,4092,1073,10.0,0.050000001,10194,199.9900055,-0.300000012,1,199.9900055,189.9900055,-57.0,Caribbean,Duarte,PENDING_PAYMENT,,1073,48,,Pelican Sunstream 100 Kayak,199.9900055,0,3/4/2015 17:15,Second Class
PAYMENT,5,4,19.79999924,197.9900055,Late delivery,1,48,Water Sports,Lakewood,EE. UU.,5657,Consumer,OH,7,Fan Shop,41.48466873,-81.77624512,LATAM,São Paulo,Brasil,5657,1/1/2015 2:48,9,1073,2.0,0.01,22,199.9900055,0.100000001,1,199.9900055,197.9900055,19.79999924,South America,São Paulo,PENDING_PAYMENT,,1073,48,,Pelican Sunstream 100 Kayak,199.9900055,0,1/6/2015 2:48,Standard Class
TRANSFER,6,4,36.02999878,106.5899963,Late delivery,1,18,Men's Footwear,Charlotte,EE. UU.,4564,Consumer,NC,4,Apparel,35.21258926,-80.79562378,LATAM,Lima,Perú,4564,3/10/2017 17:16,54785,403,23.39999962,0.180000007,137024,129.9900055,0.340000004,1,129.9900055,106.5899963,36.02999878,South America,Lima (ciudad),PENDING,,403,18,,Nike Men's CJ Elite 2 TD Football Cleat,129.9900055,0,3/16/2017 17:16,Standard Class
DEBIT,2,4,61.58000183,219.9100037,Advance shipping,0,46,Indoor/Outdoor Games,Fort Lauderdale,EE. UU.,6601,Corporate,FL,7,Fan Shop,26.0984993,-80.27095032,USCA,Boynton Beach,Estados Unidos,6601,4/19/2016 20:42,32531,1014,29.98999977,0.119999997,81360,49.97999954,0.280000001,5,249.8999939,219.9100037,61.58000183,South of  USA ,Florida,ON_HOLD,33437.0,1014,46,,O'Brien Men's Neoprene Life Vest,49.97999954,0,4/21/2016 20:42,Standard Class
TRANSFER,6,2,110.1900024,379.980011,Late delivery,1,45,Fishing,Caguas,Puerto Rico,1772,Corporate,PR,7,Fan Shop,18.28739548,-66.37059021,Pacific Asia,Korba,India,1772,12/13/2015 4:04,23715,1004,20.0,0.050000001,59331,399.980011,0.289999992,1,399.980011,379.980011,110.1900024,South Asia,Chhattisgarh,PROCESSING,,1004,45,,Field & Stream Sportsman 16 Gun Fire Safe,399.980011,0,12/19/2015 4:04,Second Class
TRANSFER,1,0,171.0700073,363.980011,Late delivery,1,45,Fishing,Miami,EE. UU.,10488,Consumer,FL,7,Fan Shop,25.74613953,-80.39176178,LATAM,Barranquilla,Colombia,10488,2/12/2017 22:13,53018,1004,36.0,0.090000004,132511,399.980011,0.469999999,1,399.980011,363.980011,171.0700073,South America,Atlántico,PROCESSING,,1004,45,,Field & Stream Sportsman 16 Gun Fire Safe,399.980011,0,2/13/2017 10:13,Same Day
CASH,3,4,24.30999947,110.4899979,Advance shipping,0,18,Men's Footwear,Laredo,EE. UU.,2247,Home Office,TX,4,Apparel,27.50744438,-99.48082733,LATAM,Buenos Aires,Argentina,2247,2/5/2015 4:40,2412,403,19.5,0.150000006,6022,129.9900055,0.219999999,1,129.9900055,110.4899979,24.30999947,South America,Buenos Aires,CLOSED,,403,18,,Nike Men's CJ Elite 2 TD Football Cleat,129.9900055,0,2/8/2015 4:40,Standard Class
PAYMENT,2,1,35.5699997,98.0,Late delivery,1,24,Women's Apparel,Honolulu,EE. UU.,4039,Consumer,HI,5,Golf,21.32080078,-157.8613892,Pacific Asia,Karagandá,Kazajistán,4039,12/28/2016 8:37,49828,502,2.0,0.02,124570,50.0,0.360000014,2,100.0,98.0,35.5699997,Central Asia,Karagandá,PENDING_PAYMENT,,502,24,,Nike Men's Dri-FIT Victory Golf Polo,50.0,0,12/30/2016 8:37,First Class
PAYMENT,3,4,47.50999832,96.95999908,Advance shipping,0,46,Indoor/Outdoor Games,Caguas,Puerto Rico,9431,Consumer,PR,7,Fan Shop,18.21617889,-66.37058258,Pacific Asia,Brisbane,Australia,9431,11/11/2015 19:31,21567,1014,3.0,0.029999999,53916,49.97999954,0.49000001,2,99.95999908,96.95999908,47.50999832,Oceania,Queensland,PENDING_PAYMENT,,1014,46,,O'Brien Men's Neoprene Life Vest,49.97999954,0,11/14/2015 19:31,Standard Class
DEBIT,2,1,4.849999905,48.5,Late delivery,1,24,Women's Apparel,Caguas,Puerto Rico,9358,Corporate,PR,5,Golf,18.2981739,-66.37056732,Pacific Asia,Xintai,China,9358,2/3/2016 11:00,27297,502,1.5,0.029999999,68374,50.0,0.100000001,1,50.0,48.5,4.849999905,Eastern Asia,Shandong,COMPLETE,,502,24,,Nike Men's Dri-FIT Victory Golf Polo,50.0,0,2/5/2016 11:00,First Class
TRANSFER,2,1,-75.90000153,132.0,Late delivery,1,24,Women's Apparel,Roswell,EE. UU.,4362,Consumer,GA,5,Golf,34.0256691,-84.35742188,USCA,Troy,Estados Unidos,4362,4/2/2016 17:24,31357,502,18.0,0.119999997,78383,50.0,-0.579999983,3,150.0,132.0,-75.90000153,East of USA,Nueva York,PENDING,12180.0,502,24,,Nike Men's Dri-FIT Victory Golf Polo,50.0,0,4/4/2016 17:24,First Class
TRANSFER,6,4,51.15999985,106.5899963,Shipping canceled,0,18,Men's Footwear,Ithaca,EE. UU.,2631,Consumer,NY,4,Apparel,42.43708038,-76.48168945,USCA,Chicago,Estados Unidos,2631,4/28/2016 11:03,33120,403,23.39999962,0.180000007,82797,129.9900055,0.479999989,1,129.9900055,106.5899963,51.15999985,US Center ,Illinois,SUSPECTED_FRAUD,60623.0,403,18,,Nike Men's CJ Elite 2 TD Football Cleat,129.9900055,0,5/4/2016 11:03,Standard Class
DEBIT,3,2,-27.20000076,120.8899994,Late delivery,1,18,Men's Footwear,Citrus Heights,EE. UU.,10526,Corporate,CA,4,Apparel,38.67052841,-121.26931,LATAM,Escuintla,Guatemala,10526,2/24/2015 0:37,3702,403,9.100000381,0.07,9208,129.9900055,-0.230000004,1,129.9900055,120.8899994,-27.20000076,Central America,Escuintla,COMPLETE,,403,18,,Nike Men's CJ Elite 2 TD Football Cleat,129.9900055,0,2/27/2015 0:37,Second Class
PAYMENT,5,2,-6.320000172,48.97999954,Late delivery,1,46,Indoor/Outdoor Games,Caguas,Puerto Rico,1582,Consumer,PR,7,Fan Shop,18.2872467,-66.37062073,Africa,Antananarivo,Madagascar,1582,9/27/2016 1:02,43504,1014,1.0,0.02,108666,49.97999954,-0.129999995,1,49.97999954,48.97999954,-6.320000172,East Africa,Analamanga,PENDING_PAYMENT,,1014,46,,O'Brien Men's Neoprene Life Vest,49.97999954,0,10/2/2016 1:02,Second Class
PAYMENT,3,4,150.3899994,319.980011,Advance shipping,0,45,Fishing,Des Plaines,EE. UU.,5861,Consumer,IL,7,Fan Shop,42.05485153,-87.86340332,LATAM,Zapopan,México,5861,3/14/2015 11:48,4967,1004,80.0,0.200000003,12435,399.980011,0.469999999,1,399.980011,319.980011,150.3899994,Central America,Jalisco,PENDING_PAYMENT,,1004,45,,Field & Stream Sportsman 16 Gun Fire Safe,399.980011,0,3/17/2015 11:48,Standard Class
TRANSFER,0,0,39.25,125.4000015,Shipping canceled,0,37,Electronics,Caguas,Puerto Rico,5136,Consumer,PR,6,Outdoors,18.29705238,-66.37051392,Pacific Asia,Gold Coast,Australia,5136,12/3/2015 5:50,23035,825,2.559999943,0.02,57674,31.98999977,0.310000002,4,127.9599991,125.4000015,39.25,Oceania,Queensland,SUSPECTED_FRAUD,,825,37,,Bridgestone e6 Straight Distance NFL Tennesse,31.98999977,0,12/3/2015 17:50,Same Day
TRANSFER,4,4,-19.79999924,263.980011,Shipping on time,0,43,Camping & Hiking,East Lansing,EE. UU.,7830,Corporate,MI,7,Fan Shop,42.75529099,-84.45345306,Europe,Granada,España,7830,6/21/2017 0:29,61793,957,36.0,0.119999997,154459,299.980011,-0.079999998,1,299.980011,263.980011,-19.79999924,Southern Europe,Andalucía,PENDING,,957,43,,Diamondback Women's Serene Classic Comfort Bi,299.980011,0,6/25/2017 0:29,Standard Class
TRANSFER,2,1,30.47999954,92.37000275,Late delivery,1,11,Fitness Accessories,Gardena,EE. UU.,12429,Home Office,CA,3,Footwear,33.88138962,-118.2984924,USCA,Houston,Estados Unidos,12429,7/5/2016 16:13,37793,235,12.60000038,0.119999997,94306,34.99000168,0.330000013,3,104.9700012,92.37000275,30.47999954,US Center ,Texas,PROCESSING,77095.0,235,11,,Under Armour Hustle Storm Medium Duffle Bag,34.99000168,0,7/7/2016 16:13,First Class
DEBIT,6,2,56.77999878,167.9900055,Late delivery,1,48,Water Sports,San Antonio,EE. UU.,862,Home Office,TX,7,Fan Shop,29.60730171,-97.98625183,LATAM,Lima,Perú,862,5/9/2015 14:11,8810,1073,32.0,0.159999996,21996,199.9900055,0.340000004,1,199.9900055,167.9900055,56.77999878,South America,Lima (ciudad),COMPLETE,,1073,48,,Pelican Sunstream 100 Kayak,199.9900055,0,5/15/2015 14:11,Second Class
CASH,4,4,17.77000046,377.980011,Shipping on time,0,45,Fishing,Caguas,Puerto Rico,5319,Consumer,PR,7,Fan Shop,18.20992851,-66.37055969,Pacific Asia,Ho Chi Minh City,Vietnam,5319,12/12/2015 4:35,23648,1004,22.0,0.059999999,59167,399.980011,0.050000001,1,399.980011,377.980011,17.77000046,Southeast Asia,Ciudad Ho Chi Minh,CLOSED,,1004,45,,Field & Stream Sportsman 16 Gun Fire Safe,399.980011,0,12/16/2015 4:35,Standard Class
DEBIT,3,4,-13.75,106.5899963,Advance shipping,0,18,Men's Footwear,Laredo,EE. UU.,3864,Home Office,TX,4,Apparel,27.50863648,-99.50951386,LATAM,Panama City,Panamá,3864,2/5/2017 5:56,52492,403,23.39999962,0.180000007,131193,129.9900055,-0.129999995,1,129.9900055,106.5899963,-13.75,Central America,Panamá,COMPLETE,,403,18,,Nike Men's CJ Elite 2 TD Football Cleat,129.9900055,0,2/8/2017 5:56,Standard Class
PAYMENT,2,4,-38.18000031,175.9299927,Advance shipping,0,46,Indoor/Outdoor Games,Caguas,Puerto Rico,7536,Corporate,PR,7,Fan Shop,18.21985436,-66.37059784,USCA,Chicago,Estados Unidos,7536,4/8/2016 16:41,31766,1014,23.98999977,0.119999997,79385,49.97999954,-0.219999999,4,199.9199982,175.9299927,-38.18000031,US Center ,Illinois,PENDING_PAYMENT,60610.0,1014,46,,O'Brien Men's Neoprene Life Vest,49.97999954,0,4/10/2016 16:41,Standard Class
DEBIT,4,4,82.79000092,179.9700012,Shipping on time,0,17,Cleats,Caguas,Puerto Rico,3462,Consumer,PR,4,Apparel,18.24834061,-66.3706131,USCA,Fort Worth,Estados Unidos,3462,8/7/2016 19:30,40063,365,59.99000168,0.25,99973,59.99000168,0.460000008,4,239.9600067,179.9700012,82.79000092,US Center ,Texas,COMPLETE,76106.0,365,17,,Perfect Fitness Perfect Rip Deck,59.99000168,0,8/11/2016 19:30,Standard Class
DEBIT,6,4,19.0,474.9500122,Late delivery,1,9,Cardio Equipment,Las Vegas,EE. UU.,6024,Corporate,NV,3,Footwear,36.02138138,-115.1716614,Pacific Asia,Depok,Indonesia,6024,1/17/2016 22:24,26165,191,25.0,0.050000001,65494,99.98999786,0.039999999,5,499.9500122,474.9500122,19.0,Southeast Asia,Yogyakarta,COMPLETE,,191,9,,Nike Men's Free 5.0+ Running Shoe,99.98999786,0,1/23/2016 22:24,Standard Class
DEBIT,2,1,13.63000011,27.8199997,Late delivery,1,41,Trade-In,Winter Park,EE. UU.,8694,Corporate,FL,6,Outdoors,28.60344505,-81.31519318,LATAM,Tijuana,México,8694,2/13/2017 10:28,53053,924,4.159999847,0.129999995,132591,15.98999977,0.49000001,2,31.97999954,27.8199997,13.63000011,Central America,Baja California,COMPLETE,,924,41,,Glove It Urban Brick Golf Towel,15.98999977,0,2/15/2017 10:28,First Class
TRANSFER,6,4,0.0,43.97999954,Late delivery,1,40,Accessories,Ypsilanti,EE. UU.,9663,Consumer,MI,6,Outdoors,42.24398804,-83.61991119,Europe,Le Havre,Francia,9663,7/21/2015 6:54,13790,897,6.0,0.119999997,34535,24.98999977,0.0,2,49.97999954,43.97999954,0.0,Western Europe,Normandía,PENDING,,897,40,,Team Golf New England Patriots Putter Grip,24.98999977,0,7/27/2015 6:54,Standard Class
DEBIT,5,2,33.25,95.0,Late delivery,1,24,Women's Apparel,Bakersfield,EE. UU.,2153,Corporate,CA,5,Golf,35.31053162,-119.0147934,LATAM,Santo Domingo,República Dominicana,2153,4/12/2017 18:27,57049,502,5.0,0.050000001,142709,50.0,0.349999994,2,100.0,95.0,33.25,Caribbean,Santo Domingo,COMPLETE,,502,24,,Nike Men's Dri-FIT Victory Golf Polo,50.0,0,4/17/2017 18:27,Second Class
DEBIT,3,4,49.13999939,182.0,Advance shipping,0,24,Women's Apparel,Tampa,EE. UU.,3086,Corporate,FL,5,Golf,28.03085518,-82.50086212,USCA,Waterbury,Estados Unidos,3086,7/26/2016 11:06,39217,502,18.0,0.090000004,97898,50.0,0.270000011,4,200.0,182.0,49.13999939,East of USA,Connecticut,COMPLETE,6708.0,502,24,,Nike Men's Dri-FIT Victory Golf Polo,50.0,0,7/29/2016 11:06,Standard Class
TRANSFER,3,4,69.59999847,239.9799957,Shipping canceled,0,43,Camping & Hiking,Hanford,EE. UU.,7733,Corporate,CA,7,Fan Shop,36.33087921,-119.6439438,USCA,Alexandria,Estados Unidos,7733,5/19/2016 17:30,34577,957,60.0,0.200000003,86351,299.980011,0.289999992,1,299.980011,239.9799957,69.59999847,South of  USA ,Virginia,CANCELED,22304.0,957,43,,Diamondback Women's Serene Classic Comfort Bi,299.980011,0,5/22/2016 17:30,Standard Class
DEBIT,3,2,49.13999939,188.9900055,Late delivery,1,48,Water Sports,Middletown,EE. UU.,5190,Home Office,CT,7,Fan Shop,41.55907822,-72.65383911,Pacific Asia,Ho Chi Minh City,Vietnam,5190,11/20/2015 6:43,22147,1073,11.0,0.059999999,55440,199.9900055,0.25999999,1,199.9900055,188.9900055,49.13999939,Southeast Asia,Ciudad Ho Chi Minh,COMPLETE,,1073,48,,Pelican Sunstream 100 Kayak,199.9900055,0,11/23/2015 6:43,Second Class
DEBIT,4,2,180.3000031,391.9599915,Late delivery,1,9,Cardio Equipment,Detroit,EE. UU.,8314,Corporate,MI,3,Footwear,42.39391327,-83.00836945,Africa,Yamoussoukro,Costa de Marfil,8314,10/30/2016 5:43,45778,191,8.0,0.02,114429,99.98999786,0.460000008,4,399.9599915,391.9599915,180.3000031,West Africa,Lacs,COMPLETE,,191,9,,Nike Men's Free 5.0+ Running Shoe,99.98999786,0,11/3/2016 5:43,Second Class
PAYMENT,5,4,100.7900009,335.980011,Late delivery,1,45,Fishing,Saint Paul,EE. UU.,11926,Corporate,MN,7,Fan Shop,44.96070862,-93.16983795,Europe,Bagnolet,Francia,11926,9/21/2017 19:16,68149,1004,64.0,0.159999996,170389,399.980011,0.300000012,1,399.980011,335.980011,100.7900009,Western Europe,Isla de Francia,PENDING_PAYMENT,,1004,45,,Field & Stream Sportsman 16 Gun Fire Safe,399.980011,0,9/26/2017 19:16,Standard Class
TRANSFER,6,2,90.70999908,251.9799957,Late delivery,1,43,Camping & Hiking,Fresno,EE. UU.,12268,Corporate,CA,7,Fan Shop,36.78569031,-119.7807312,Pacific Asia,Yakarta,Indonesia,12268,1/4/2016 19:06,25265,957,48.0,0.159999996,63312,299.980011,0.360000014,1,299.980011,251.9799957,90.70999908,Southeast Asia,Yakarta,PENDING,,957,43,,Diamondback Women's Serene Classic Comfort Bi,299.980011,0,1/10/2016 19:06,Second Class
TRANSFER,6,4,-321.5,207.4199982,Late delivery,1,46,Indoor/Outdoor Games,Caguas,Puerto Rico,4889,Corporate,PR,7,Fan Shop,18.25353622,-66.37057495,LATAM,Holguín,Cuba,4889,3/31/2017 0:15,56175,1014,42.47999954,0.170000002,140498,49.97999954,-1.549999952,5,249.8999939,207.4199982,-321.5,Caribbean,Holguín,PROCESSING,,1014,46,,O'Brien Men's Neoprene Life Vest,49.97999954,0,4/6/2017 0:15,Standard Class
TRANSFER,6,2,34.20000076,189.9900055,Late delivery,1,48,Water Sports,Flushing,EE. UU.,3419,Consumer,NY,7,Fan Shop,40.76358032,-73.83003998,LATAM,Arraiján,Panamá,3419,2/11/2015 3:37,2820,1073,10.0,0.050000001,7086,199.9900055,0.180000007,1,199.9900055,189.9900055,34.20000076,Central America,Panamá,PROCESSING,,1073,48,,Pelican Sunstream 100 Kayak,199.9900055,0,2/17/2015 3:37,Second Class
DEBIT,2,1,18.29999924,70.37999725,Late delivery,1,29,Shop By Sport,Augusta,EE. UU.,3475,Consumer,GA,5,Golf,33.52104187,-82.04935455,Europe,Fiumicino,Italia,3475,9/3/2017 14:02,66901,627,9.600000381,0.119999997,167243,39.99000168,0.25999999,2,79.98000336,70.37999725,18.29999924,Southern Europe,Lacio,COMPLETE,,627,29,,Under Armour Girls' Toddler Spine Surge Runni,39.99000168,0,9/5/2017 14:02,First Class
PAYMENT,3,4,73.63999939,223.1600037,Advance shipping,0,17,Cleats,Caguas,Puerto Rico,6790,Corporate,PR,4,Apparel,18.26189804,-66.37059784,LATAM,Petapa,Guatemala,6790,4/9/2017 10:55,56822,365,16.79999924,0.07,142120,59.99000168,0.330000013,4,239.9600067,223.1600037,73.63999939,Central America,Guatemala,PENDING_PAYMENT,,365,17,,Perfect Fitness Perfect Rip Deck,59.99000168,0,4/12/2017 10:55,Standard Class
PAYMENT,3,4,36.02999878,128.6900024,Advance shipping,0,18,Men's Footwear,Caguas,Puerto Rico,1358,Corporate,PR,4,Apparel,18.2153759,-66.37050629,USCA,Chicago,Estados Unidos,1358,4/28/2016 6:30,33107,403,1.299999952,0.01,82761,129.9900055,0.280000001,1,129.9900055,128.6900024,36.02999878,US Center ,Illinois,PENDING_PAYMENT,60610.0,403,18,,Nike Men's CJ Elite 2 TD Football Cleat,129.9900055,0,5/1/2016 6:30,Standard Class
TRANSFER,2,1,6.980000019,112.5,Late delivery,1,24,Women's Apparel,Atlanta,EE. UU.,8437,Consumer,GA,5,Golf,33.69275665,-84.61947632,Europe,Clichy,Francia,8437,9/14/2017 1:56,67620,502,37.5,0.25,169065,50.0,0.059999999,3,150.0,112.5,6.980000019,Western Europe,Isla de Francia,PENDING,,502,24,,Nike Men's Dri-FIT Victory Golf Polo,50.0,0,9/16/2017 1:56,First Class
CASH,4,4,72.23999786,424.9599915,Shipping on time,0,9,Cardio Equipment,Caguas,Puerto Rico,1285,Home Office,PR,3,Footwear,18.22282028,-66.37057495,Europe,Salzburgo,Austria,1285,12/13/2016 16:31,48823,191,74.98999786,0.150000006,122102,99.98999786,0.170000002,5,499.9500122,424.9599915,72.23999786,Western Europe,Salzburgo,CLOSED,,191,9,,Nike Men's Free 5.0+ Running Shoe,99.98999786,0,12/17/2016 16:31,Standard Class
TRANSFER,6,4,30.88999939,114.3899994,Late delivery,1,18,Men's Footwear,Chicago,EE. UU.,5531,Corporate,IL,4,Apparel,41.80133057,-88.03850555,USCA,Bloomington,Estados Unidos,5531,4/18/2016 23:20,32470,403,15.60000038,0.119999997,81221,129.9900055,0.270000011,1,129.9900055,114.3899994,30.88999939,US Center ,Illinois,PENDING,61701.0,403,18,,Nike Men's CJ Elite 2 TD Football Cleat,129.9900055,0,4/24/2016 23:20,Standard Class
DEBIT,6,4,20.92000008,45.47999954,Late delivery,1,46,Indoor/Outdoor Games,Greeley,EE. UU.,494,Consumer,CO,7,Fan Shop,39.60168457,-107.0304413,LATAM,Santo Domingo,República Dominicana,494,1/3/2015 2:26,145,1014,4.5,0.090000004,341,49.97999954,0.460000008,1,49.97999954,45.47999954,20.92000008,Caribbean,Santo Domingo,ON_HOLD,,1014,46,,O'Brien Men's Neoprene Life Vest,49.97999954,0,1/9/2015 2:26,Standard Class
PAYMENT,6,4,41.97999954,199.9199982,Late delivery,1,46,Indoor/Outdoor Games,College Station,EE. UU.,7836,Consumer,TX,7,Fan Shop,30.60759926,-96.31684876,LATAM,Santo Domingo,República Dominicana,7836,5/22/2017 16:59,59785,1014,0.0,0.0,149630,49.97999954,0.209999993,4,199.9199982,199.9199982,41.97999954,Caribbean,Santo Domingo,PENDING_PAYMENT,,1014,46,,O'Brien Men's Neoprene Life Vest,49.97999954,0,5/28/2017 16:59,Standard Class
DEBIT,4,4,133.7599945,272.980011,Shipping on time,0,43,Camping & Hiking,Moreno Valley,EE. UU.,5580,Home Office,CA,7,Fan Shop,33.94717026,-117.253624,USCA,Chicago,Estados Unidos,5580,4/8/2016 5:07,31733,957,27.0,0.090000004,79300,299.980011,0.49000001,1,299.980011,272.980011,133.7599945,US Center ,Illinois,ON_HOLD,60623.0,957,43,,Diamondback Women's Serene Classic Comfort Bi,299.980011,0,4/12/2016 5:07,Standard Class
TRANSFER,3,4,50.22999954,109.1900024,Advance shipping,0,18,Men's Footwear,Opa Locka,EE. UU.,8925,Corporate,FL,4,Apparel,25.89801979,-80.24020386,LATAM,Águas Lindas de Goiás,Brasil,8925,3/25/2015 8:49,5712,403,20.79999924,0.159999996,14228,129.9900055,0.460000008,1,129.9900055,109.1900024,50.22999954,South America,Goiás,PROCESSING,,403,18,,Nike Men's CJ Elite 2 TD Football Cleat,129.9900055,0,3/28/2015 8:49,Standard Class
DEBIT,4,4,74.08000183,151.1699982,Shipping on time,0,17,Cleats,Bakersfield,EE. UU.,11212,Consumer,CA,4,Apparel,35.36254501,-119.0186996,Pacific Asia,Canberra,Australia,11212,1/10/2016 11:02,25653,365,28.79999924,0.159999996,64242,59.99000168,0.49000001,3,179.9700012,151.1699982,74.08000183,Oceania,Territorio de la Capital Australiana,COMPLETE,,365,17,,Perfect Fitness Perfect Rip Deck,59.99000168,0,1/14/2016 11:02,Standard Class
DEBIT,2,4,12.82999992,89.08000183,Advance shipping,0,6,Tennis & Racquet,Wayne,EE. UU.,317,Consumer,NJ,2,Fitness,29.55552483,-95.71289825,Pacific Asia,Ichalkaranji,India,317,12/11/2015 3:22,23576,116,0.899999976,0.01,58981,44.99000168,0.140000001,2,89.98000336,89.08000183,12.82999992,South Asia,Maharashtra,COMPLETE,,116,6,,Nike Men's Comfort 2 Slide,44.99000168,0,12/13/2015 3:22,Standard Class
TRANSFER,2,1,51.84999847,207.4199982,Late delivery,1,46,Indoor/Outdoor Games,Washington,EE. UU.,1949,Consumer,DC,7,Fan Shop,38.90260315,-76.98190308,Europe,Barcelona,España,1949,7/26/2015 3:33,14123,1014,42.47999954,0.170000002,35338,49.97999954,0.25,5,249.8999939,207.4199982,51.84999847,Southern Europe,Cataluña,PROCESSING,,1014,46,,O'Brien Men's Neoprene Life Vest,49.97999954,0,7/28/2015 3:33,First Class
PAYMENT,0,0,15.31000042,127.5500031,Shipping on time,0,13,Electronics,Caguas,Puerto Rico,5486,Home Office,PR,3,Footwear,18.22496796,-66.37054443,LATAM,Mexico City,México,5486,4/5/2017 11:16,56549,278,7.420000076,0.059999999,141445,44.99000168,0.119999997,3,134.9700012,127.5500031,15.31000042,Central America,Distrito Federal,PENDING_PAYMENT,,278,13,,Under Armour Men's Compression EV SL Slide,44.99000168,0,4/5/2017 23:16,Same Day
PAYMENT,6,4,14.69999981,110.4899979,Late delivery,1,18,Men's Footwear,Caguas,Puerto Rico,6106,Home Office,PR,4,Apparel,18.26299858,-66.37060547,LATAM,Culiacán,México,6106,3/20/2015 7:14,5365,403,19.5,0.150000006,13392,129.9900055,0.129999995,1,129.9900055,110.4899979,14.69999981,Central America,Sinaloa,PENDING_PAYMENT,,403,18,,Nike Men's CJ Elite 2 TD Football Cleat,129.9900055,0,3/26/2015 7:14,Standard Class
DEBIT,3,4,8.43999958,37.5,Advance shipping,0,24,Women's Apparel,Caguas,Puerto Rico,11689,Consumer,PR,5,Golf,18.29226112,-66.37055206,Europe,Copenhagen,Dinamarca,11689,8/22/2017 15:07,66082,502,12.5,0.25,165164,50.0,0.230000004,1,50.0,37.5,8.43999958,Northern Europe,Región Capital,COMPLETE,,502,24,,Nike Men's Dri-FIT Victory Golf Polo,50.0,0,8/25/2017 15:07,Standard Class
PAYMENT,3,2,67.37999725,172.7700043,Late delivery,1,17,Cleats,Caguas,Puerto Rico,3838,Consumer,PR,4,Apparel,18.27255058,-66.37055206,LATAM,Teresina,Brasil,3838,2/28/2015 11:28,4007,365,7.199999809,0.039999999,9950,59.99000168,0.389999986,3,179.9700012,172.7700043,67.37999725,South America,Piauí,PENDING_PAYMENT,,365,17,,Perfect Fitness Perfect Rip Deck,59.99000168,0,3/3/2015 11:28,Second Class
DEBIT,3,4,38.22000122,109.1900024,Advance shipping,0,18,Men's Footwear,Caguas,Puerto Rico,8926,Consumer,PR,4,Apparel,18.22094345,-66.37058258,USCA,Plano,Estados Unidos,8926,5/23/2016 2:05,34807,403,20.79999924,0.159999996,86956,129.9900055,0.349999994,1,129.9900055,109.1900024,38.22000122,US Center ,Texas,COMPLETE,75023.0,403,18,,Nike Men's CJ Elite 2 TD Football Cleat,129.9900055,0,5/26/2016 2:05,Standard Class
TRANSFER,2,4,27.87999916,82.0,Advance shipping,0,24,Women's Apparel,Los Angeles,EE. UU.,9880,Home Office,CA,5,Golf,34.10012817,-118.2283325,Africa,Kolwezi,República Democrática del Congo,9880,12/5/2016 8:07,48251,502,18.0,0.180000007,120678,50.0,0.340000004,2,100.0,82.0,27.87999916,Central Africa,Katanga,PROCESSING,,502,24,,Nike Men's Dri-FIT Victory Golf Polo,50.0,0,12/7/2016 8:07,Standard Class
DEBIT,4,4,33.11999893,127.3899994,Shipping on time,0,18,Men's Footwear,Caguas,Puerto Rico,152,Consumer,PR,4,Apparel,18.24757958,-66.0252533,Africa,Kolwezi,República Democrática del Congo,152,12/3/2016 14:47,48133,403,2.599999905,0.02,120367,129.9900055,0.25999999,1,129.9900055,127.3899994,33.11999893,Central Africa,Katanga,COMPLETE,,403,18,,Nike Men's CJ Elite 2 TD Football Cleat,129.9900055,0,12/7/2016 14:47,Standard Class
PAYMENT,2,2,45.72000122,125.9499969,Shipping on time,0,46,Indoor/Outdoor Games,Washington,EE. UU.,4988,Corporate,DC,7,Fan Shop,38.91826248,-77.03946686,LATAM,Choloma,Honduras,4988,2/7/2015 14:08,2576,1014,23.98999977,0.159999996,6445,49.97999954,0.360000014,3,149.9400024,125.9499969,45.72000122,Central America,Cortés,PENDING_PAYMENT,,1014,46,,O'Brien Men's Neoprene Life Vest,49.97999954,0,2/9/2015 14:08,Second Class
DEBIT,4,4,80.62999725,167.9799957,Shipping on time,0,9,Cardio Equipment,Caguas,Puerto Rico,5973,Corporate,PR,3,Footwear,18.23444176,-66.37052918,Europe,Gennevilliers,Francia,5973,6/29/2015 1:40,12268,191,32.0,0.159999996,30653,99.98999786,0.479999989,2,199.9799957,167.9799957,80.62999725,Western Europe,Isla de Francia,COMPLETE,,191,9,,Nike Men's Free 5.0+ Running Shoe,99.98999786,0,7/3/2015 1:40,Standard Class
CASH,2,2,20.79000092,63.97999954,Shipping on time,0,29,Shop By Sport,Aurora,EE. UU.,9928,Consumer,IL,5,Golf,39.49591446,-98.98998261,LATAM,Atlixco,México,9928,2/24/2017 17:17,53826,627,16.0,0.200000003,134569,39.99000168,0.330000013,2,79.98000336,63.97999954,20.79000092,Central America,Puebla,CLOSED,,627,29,,Under Armour Girls' Toddler Spine Surge Runni,39.99000168,0,2/26/2017 17:17,Second Class
DEBIT,4,2,22.5,224.9900055,Late delivery,1,43,Camping & Hiking,Katy,EE. UU.,2364,Consumer,TX,7,Fan Shop,29.77441025,-95.74694824,LATAM,Carrefour,Haití,2364,4/4/2015 5:39,6388,957,75.0,0.25,15992,299.980011,0.100000001,1,299.980011,224.9900055,22.5,Caribbean,Ouest,COMPLETE,,957,43,,Diamondback Women's Serene Classic Comfort Bi,299.980011,0,4/8/2015 5:39,Second Class
DEBIT,4,4,-6.059999943,48.5,Shipping on time,0,24,Women's Apparel,Caguas,Puerto Rico,4973,Consumer,PR,5,Golf,18.200737,-66.37055206,Europe,Marseille,Francia,4973,7/21/2017 2:11,63853,502,1.5,0.029999999,159617,50.0,-0.129999995,1,50.0,48.5,-6.059999943,Western Europe,Provenza-Alpes-Costa Azul,COMPLETE,,502,24,,Nike Men's Dri-FIT Victory Golf Polo,50.0,0,7/25/2017 2:11,Standard Class
TRANSFER,3,4,-50.5699997,391.980011,Shipping canceled,0,45,Fishing,Caguas,Puerto Rico,5890,Home Office,PR,7,Fan Shop,18.29111862,-66.3705368,Europe,Levallois-Perret,Francia,5890,7/12/2017 11:08,63262,1004,8.0,0.02,158158,399.980011,-0.129999995,1,399.980011,391.980011,-50.5699997,Western Europe,Isla de Francia,SUSPECTED_FRAUD,,1004,45,,Field & Stream Sportsman 16 Gun Fire Safe,399.980011,0,7/15/2017 11:08,Standard Class
TRANSFER,4,2,-19.5699997,84.0,Late delivery,1,24,Women's Apparel,Caguas,Puerto Rico,12088,Consumer,PR,5,Golf,18.27907372,-66.37055969,LATAM,Los Mochis,México,12088,3/30/2017 11:17,56138,502,16.0,0.159999996,140402,50.0,-0.230000004,2,100.0,84.0,-19.5699997,Central America,Sinaloa,PROCESSING,,502,24,,Nike Men's Dri-FIT Victory Golf Polo,50.0,0,4/3/2017 11:17,Second Class
CASH,2,1,180.4700012,383.980011,Late delivery,1,45,Fishing,Caguas,Puerto Rico,653,Consumer,PR,7,Fan Shop,18.2256279,-66.04746246,Europe,Essen,Alemania,653,9/3/2015 19:27,16840,1004,16.0,0.039999999,42071,399.980011,0.469999999,1,399.980011,383.980011,180.4700012,Western Europe,Renania del Norte-Westfalia,CLOSED,,1004,45,,Field & Stream Sportsman 16 Gun Fire Safe,399.980011,0,9/5/2015 19:27,First Class
DEBIT,6,2,10.56000042,48.0,Late delivery,1,24,Women's Apparel,Rialto,EE. UU.,10518,Corporate,CA,5,Golf,34.1004982,-117.3561707,Africa,Dakar,Senegal,10518,12/12/2016 11:26,48740,502,2.0,0.039999999,121896,50.0,0.219999999,1,50.0,48.0,10.56000042,West Africa,Dakar,COMPLETE,,502,24,,Nike Men's Dri-FIT Victory Golf Polo,50.0,0,12/18/2016 11:26,Second Class
PAYMENT,6,4,102.9499969,395.980011,Late delivery,1,45,Fishing,Pekin,EE. UU.,7452,Corporate,IL,7,Fan Shop,40.56618118,-89.63881683,LATAM,San Juan de la Maguana,República Dominicana,7452,5/16/2015 10:50,9280,1004,4.0,0.01,23154,399.980011,0.25999999,1,399.980011,395.980011,102.9499969,Caribbean,San Juan,PENDING_PAYMENT,,1004,45,,Field & Stream Sportsman 16 Gun Fire Safe,399.980011,0,5/22/2015 10:50,Standard Class
CASH,5,2,114.8300018,395.980011,Late delivery,1,45,Fishing,San Antonio,EE. UU.,8615,Corporate,TX,7,Fan Shop,29.42638016,-98.52271271,LATAM,Fort-de-France,Martinica,8615,5/4/2017 22:58,58569,1004,4.0,0.01,146583,399.980011,0.289999992,1,399.980011,395.980011,114.8300018,Caribbean,Martinica,CLOSED,,1004,45,,Field & Stream Sportsman 16 Gun Fire Safe,399.980011,0,5/9/2017 22:58,Second Class
PAYMENT,3,2,131.4499969,419.9599915,Late delivery,1,9,Cardio Equipment,West Jordan,EE. UU.,3157,Corporate,UT,3,Footwear,40.62195587,-111.9332733,Europe,Bialystok,Polonia,3157,9/25/2016 6:17,43382,191,79.98999786,0.159999996,108367,99.98999786,0.310000002,5,499.9500122,419.9599915,131.4499969,Eastern Europe,Podlaquia,PENDING_PAYMENT,,191,9,,Nike Men's Free 5.0+ Running Shoe,99.98999786,0,9/28/2016 6:17,Second Class
DEBIT,2,2,74.09999847,284.980011,Shipping on time,0,43,Camping & Hiking,Powder Springs,EE. UU.,10427,Corporate,GA,7,Fan Shop,33.86013031,-84.68437958,Pacific Asia,Sydney,Australia,10427,1/8/2016 16:17,25531,957,15.0,0.050000001,63959,299.980011,0.25999999,1,299.980011,284.980011,74.09999847,Oceania,Nueva Gales del Sur,COMPLETE,,957,43,,Diamondback Women's Serene Classic Comfort Bi,299.980011,0,1/10/2016 16:17,Second Class
PAYMENT,3,4,-83.62000275,107.8899994,Advance shipping,0,18,Men's Footwear,Caguas,Puerto Rico,1351,Corporate,PR,4,Apparel,18.24435234,-66.37059021,LATAM,Teresina,Brasil,1351,5/25/2017 17:31,59992,403,22.10000038,0.170000002,150157,129.9900055,-0.779999971,1,129.9900055,107.8899994,-83.62000275,South America,Piauí,PENDING_PAYMENT,,403,18,,Nike Men's CJ Elite 2 TD Football Cleat,129.9900055,0,5/28/2017 17:31,Standard Class
PAYMENT,2,4,70.52999878,143.9400024,Advance shipping,0,46,Indoor/Outdoor Games,Fort Lauderdale,EE. UU.,7082,Consumer,FL,7,Fan Shop,26.0984993,-80.27095032,Europe,Sliven,Bulgaria,7082,1/8/2017 6:40,50576,1014,6.0,0.039999999,126388,49.97999954,0.49000001,3,149.9400024,143.9400024,70.52999878,Eastern Europe,Sliven,PENDING_PAYMENT,,1014,46,,O'Brien Men's Neoprene Life Vest,49.97999954,0,1/10/2017 6:40,Standard Class
DEBIT,6,2,77.98999786,165.9299927,Late delivery,1,46,Indoor/Outdoor Games,Caguas,Puerto Rico,1188,Corporate,PR,7,Fan Shop,18.26916504,-66.37055206,USCA,Detroit,Estados Unidos,1188,8/4/2016 1:06,39805,1014,33.99000168,0.170000002,99323,49.97999954,0.469999999,4,199.9199982,165.9299927,77.98999786,US Center ,Michigan,COMPLETE,48205.0,1014,46,,O'Brien Men's Neoprene Life Vest,49.97999954,0,8/10/2016 1:06,Second Class
DEBIT,2,4,-3.74000001,287.980011,Advance shipping,0,43,Camping & Hiking,Lutz,EE. UU.,5801,Corporate,FL,7,Fan Shop,28.08681297,-82.43898773,LATAM,Santa Catarina,México,5801,2/1/2017 3:29,52211,957,12.0,0.039999999,130436,299.980011,-0.01,1,299.980011,287.980011,-3.74000001,Central America,Nuevo León,COMPLETE,,957,43,,Diamondback Women's Serene Classic Comfort Bi,299.980011,0,2/3/2017 3:29,Standard Class
TRANSFER,5,4,47.18999863,129.9900055,Late delivery,1,18,Men's Footwear,Caguas,Puerto Rico,11163,Consumer,PR,4,Apparel,18.23706627,-66.37062836,Europe,Stoke-on-Trent,Reino Unido,11163,8/27/2015 11:55,16339,403,0.0,0.0,40788,129.9900055,0.360000014,1,129.9900055,129.9900055,47.18999863,Northern Europe,Inglaterra,PROCESSING,,403,18,,Nike Men's CJ Elite 2 TD Football Cleat,129.9900055,0,9/1/2015 11:55,Standard Class
DEBIT,5,4,-5.309999943,42.5,Late delivery,1,24,Women's Apparel,Lake Forest,EE. UU.,5557,Home Office,CA,5,Golf,39.18449783,-120.1139069,Europe,Berlín,Alemania,5557,10/15/2015 23:35,19729,502,7.5,0.150000006,49326,50.0,-0.129999995,1,50.0,42.5,-5.309999943,Western Europe,Berlín,COMPLETE,,502,24,,Nike Men's Dri-FIT Victory Golf Polo,50.0,0,10/20/2015 23:35,Standard Class
CASH,3,4,17.79000092,157.4100037,Advance shipping,0,37,Electronics,Caguas,Puerto Rico,11804,Consumer,PR,6,Outdoors,18.23015404,-66.37052155,LATAM,Montevideo,Uruguay,11804,3/10/2015 4:27,4672,822,34.54999924,0.180000007,11716,47.99000168,0.109999999,4,191.9600067,157.4100037,17.79000092,South America,Montevideo,CLOSED,,822,37,,Titleist Pro V1x High Numbers Golf Balls,47.99000168,0,3/13/2015 4:27,Standard Class
DEBIT,2,1,67.47000122,149.9400024,Late delivery,1,46,Indoor/Outdoor Games,Highland,EE. UU.,9862,Corporate,CA,7,Fan Shop,33.8859787,-117.8168411,Europe,Watford,Reino Unido,9862,9/15/2017 0:22,67684,1014,49.97999954,0.25,169229,49.97999954,0.449999988,4,199.9199982,149.9400024,67.47000122,Northern Europe,Inglaterra,COMPLETE,,1014,46,,O'Brien Men's Neoprene Life Vest,49.97999954,0,9/17/2017 0:22,First Class
TRANSFER,6,4,68.40000153,142.5,Late delivery,1,24,Women's Apparel,Powder Springs,EE. UU.,4235,Consumer,GA,5,Golf,33.86013031,-84.68437958,Pacific Asia,Caloocan,Filipinas,4235,2/26/2016 6:35,28860,502,7.5,0.050000001,72213,50.0,0.479999989,3,150.0,142.5,68.40000153,Southeast Asia,Capital Nacional,PROCESSING,,502,24,,Nike Men's Dri-FIT Victory Golf Polo,50.0,0,3/3/2016 6:35,Standard Class
DEBIT,2,4,31.20000076,399.980011,Advance shipping,0,45,Fishing,Los Angeles,EE. UU.,10584,Consumer,CA,7,Fan Shop,34.02910996,-118.2830658,Europe,Alphen aan den Rijn,Países Bajos,10584,7/27/2015 1:38,14186,1004,0.0,0.0,35509,399.980011,0.079999998,1,399.980011,399.980011,31.20000076,Western Europe,Holanda Meridional,ON_HOLD,,1004,45,,Field & Stream Sportsman 16 Gun Fire Safe,399.980011,0,7/29/2015 1:38,Standard Class
TRANSFER,2,4,35.99000168,95.98000336,Shipping canceled,0,29,Shop By Sport,New York,EE. UU.,6222,Corporate,NY,5,Golf,40.73124313,-73.98880768,LATAM,Quito,Ecuador,6222,1/26/2015 21:51,1776,627,23.98999977,0.200000003,4433,39.99000168,0.379999995,3,119.9700012,95.98000336,35.99000168,South America,Pichincha,CANCELED,,627,29,,Under Armour Girls' Toddler Spine Surge Runni,39.99000168,0,1/28/2015 21:51,Standard Class
CASH,6,4,51.93000031,110.4899979,Late delivery,1,18,Men's Footwear,Laredo,EE. UU.,3631,Corporate,TX,4,Apparel,27.50863648,-99.50951386,USCA,Rockville,Estados Unidos,3631,7/30/2016 9:00,39485,403,19.5,0.150000006,98565,129.9900055,0.469999999,1,129.9900055,110.4899979,51.93000031,East of USA,Maryland,CLOSED,20852.0,403,18,,Nike Men's CJ Elite 2 TD Football Cleat,129.9900055,0,8/5/2016 9:00,Standard Class
DEBIT,6,4,61.20000076,169.9900055,Late delivery,1,48,Water Sports,Westerville,EE. UU.,3708,Consumer,OH,7,Fan Shop,40.11835098,-82.92810822,LATAM,Panama City,Panamá,3708,4/4/2015 1:05,6375,1073,30.0,0.150000006,15968,199.9900055,0.360000014,1,199.9900055,169.9900055,61.20000076,Central America,Panamá,COMPLETE,,1073,48,,Pelican Sunstream 100 Kayak,199.9900055,0,4/10/2015 1:05,Standard Class
DEBIT,5,2,20.04000092,106.5899963,Late delivery,1,18,Men's Footwear,Austin,EE. UU.,4054,Home Office,TX,4,Apparel,30.35012245,-97.69873047,Pacific Asia,Valenzuela,Filipinas,4054,10/31/2015 7:27,20779,403,23.39999962,0.180000007,51922,129.9900055,0.189999998,1,129.9900055,106.5899963,20.04000092,Southeast Asia,Capital Nacional,COMPLETE,,403,18,,Nike Men's CJ Elite 2 TD Football Cleat,129.9900055,0,11/5/2015 7:27,Second Class
PAYMENT,1,0,65.97000122,199.9199982,Late delivery,1,46,Indoor/Outdoor Games,Caguas,Puerto Rico,9760,Consumer,PR,7,Fan Shop,18.21571159,-66.37055969,Pacific Asia,Depok,Indonesia,9760,12/13/2015 23:41,23771,1014,49.97999954,0.200000003,59481,49.97999954,0.330000013,5,249.8999939,199.9199982,65.97000122,Southeast Asia,Java Occidental,PENDING_PAYMENT,,1014,46,,O'Brien Men's Neoprene Life Vest,49.97999954,0,12/14/2015 11:41,Same Day
TRANSFER,3,4,25.21999931,126.0899963,Advance shipping,0,18,Men's Footwear,Caguas,Puerto Rico,8370,Corporate,PR,4,Apparel,18.21668243,-66.37058258,LATAM,Apodaca,México,8370,4/19/2017 2:09,57482,403,3.900000095,0.029999999,143800,129.9900055,0.200000003,1,129.9900055,126.0899963,25.21999931,Central America,Nuevo León,PENDING,,403,18,,Nike Men's CJ Elite 2 TD Football Cleat,129.9900055,0,4/22/2017 2:09,Standard Class
DEBIT,2,2,7.050000191,235.1600037,Shipping on time,0,17,Cleats,Paramount,EE. UU.,4446,Corporate,CA,4,Apparel,33.89869309,-118.1745605,Europe,Le Chesnay,Francia,4446,9/26/2015 10:50,18391,365,4.800000191,0.02,45969,59.99000168,0.029999999,4,239.9600067,235.1600037,7.050000191,Western Europe,Isla de Francia,COMPLETE,,365,17,,Perfect Fitness Perfect Rip Deck,59.99000168,0,9/28/2015 10:50,Second Class
TRANSFER,6,2,67.19000244,239.9600067,Shipping canceled,0,17,Cleats,Caguas,Puerto Rico,732,Home Office,PR,4,Apparel,18.22368431,-66.04929352,Europe,Liverpool,Reino Unido,732,9/15/2017 19:59,67740,365,0.0,0.0,169358,59.99000168,0.280000001,4,239.9600067,239.9600067,67.19000244,Northern Europe,Inglaterra,CANCELED,,365,17,,Perfect Fitness Perfect Rip Deck,59.99000168,0,9/21/2017 19:59,Second Class
TRANSFER,4,2,4.420000076,116.3799973,Late delivery,1,17,Cleats,Los Angeles,EE. UU.,4225,Corporate,CA,4,Apparel,34.02246857,-118.1672974,Europe,Augsburg,Alemania,4225,7/20/2017 17:26,63828,365,3.599999905,0.029999999,159553,59.99000168,0.039999999,2,119.9800034,116.3799973,4.420000076,Western Europe,Bavaria,PROCESSING,,365,17,,Perfect Fitness Perfect Rip Deck,59.99000168,0,7/24/2017 17:26,Second Class
DEBIT,5,4,26.59000015,75.98000336,Late delivery,1,29,Shop By Sport,Algonquin,EE. UU.,7150,Consumer,IL,5,Golf,42.17570114,-88.3695755,LATAM,Sumaré,Brasil,7150,3/14/2015 5:30,4949,627,4.0,0.050000001,12381,39.99000168,0.349999994,2,79.98000336,75.98000336,26.59000015,South America,São Paulo,COMPLETE,,627,29,,Under Armour Girls' Toddler Spine Surge Runni,39.99000168,0,3/19/2015 5:30,Standard Class
DEBIT,4,4,75.16000366,156.5700073,Shipping on time,0,17,Cleats,Caguas,Puerto Rico,10294,Consumer,PR,4,Apparel,18.23896599,-66.37062073,USCA,Chicago,Estados Unidos,10294,6/15/2016 5:44,36393,365,23.39999962,0.129999995,90859,59.99000168,0.479999989,3,179.9700012,156.5700073,75.16000366,US Center ,Illinois,ON_HOLD,60610.0,365,17,,Perfect Fitness Perfect Rip Deck,59.99000168,0,6/19/2016 5:44,Standard Class
DEBIT,3,4,58.0699997,159.9600067,Advance shipping,0,29,Shop By Sport,Caguas,Puerto Rico,1571,Consumer,PR,5,Golf,18.2315464,-66.37062073,LATAM,Santo Domingo,República Dominicana,1571,3/18/2015 1:38,5212,627,39.99000168,0.200000003,13014,39.99000168,0.360000014,5,199.9499969,159.9600067,58.0699997,Caribbean,Santo Domingo,ON_HOLD,,627,29,,Under Armour Girls' Toddler Spine Surge Runni,39.99000168,0,3/21/2015 1:38,Standard Class
CASH,4,4,-487.0799866,314.25,Shipping on time,0,63,Children's Clothing,Fairfield,EE. UU.,13671,Home Office,CA,4,Apparel,38.25131607,-122.0456543,Europe,Vichy,Francia,13671,10/20/2017 13:06,70118,1350,42.84999847,0.119999997,173433,357.1000061,-1.549999952,1,357.1000061,314.25,-487.0799866,Western Europe,Auvernia,CLOSED,,1350,63,,Children's heaters,357.1000061,0,10/24/2017 13:06,Standard Class
TRANSFER,2,1,-33.75,135.0,Late delivery,1,24,Women's Apparel,Cypress,EE. UU.,1031,Corporate,CA,5,Golf,33.83778,-118.0332108,Pacific Asia,Tiflis,Georgia,1031,9/4/2016 3:41,41936,502,15.0,0.100000001,104686,50.0,-0.25,3,150.0,135.0,-33.75,West Asia,Tiflis,PROCESSING,,502,24,,Nike Men's Dri-FIT Victory Golf Polo,50.0,0,9/6/2016 3:41,First Class
DEBIT,2,2,15.60000038,97.48999786,Shipping on time,0,18,Men's Footwear,Corona,EE. UU.,1546,Consumer,CA,4,Apparel,33.8950882,-117.5264206,Europe,Montfermeil,Francia,1546,6/23/2017 21:51,61991,403,32.5,0.25,154993,129.9900055,0.159999996,1,129.9900055,97.48999786,15.60000038,Western Europe,Isla de Francia,COMPLETE,,403,18,,Nike Men's CJ Elite 2 TD Football Cleat,129.9900055,0,6/25/2017 21:51,Second Class
TRANSFER,5,4,193.9900055,387.980011,Late delivery,1,45,Fishing,Caguas,Puerto Rico,6035,Consumer,PR,7,Fan Shop,18.20520783,-66.37054443,LATAM,Chinandega,Nicaragua,6035,1/6/2015 7:10,364,1004,12.0,0.029999999,912,399.980011,0.5,1,399.980011,387.980011,193.9900055,Central America,Chinandega,PROCESSING,,1004,45,,Field & Stream Sportsman 16 Gun Fire Safe,399.980011,0,1/11/2015 7:10,Standard Class
PAYMENT,6,4,35.5699997,98.0,Late delivery,1,24,Women's Apparel,Caguas,Puerto Rico,3412,Home Office,PR,5,Golf,18.20381737,-66.3705368,LATAM,Mixco,Guatemala,3412,5/2/2015 19:16,8345,502,2.0,0.02,20852,50.0,0.360000014,2,100.0,98.0,35.5699997,Central America,Guatemala,PENDING_PAYMENT,,502,24,,Nike Men's Dri-FIT Victory Golf Polo,50.0,0,5/8/2015 19:16,Standard Class
CASH,2,1,63.84000015,203.9700012,Late delivery,1,17,Cleats,El Paso,EE. UU.,4810,Corporate,TX,4,Apparel,31.89463425,-106.4120712,Europe,Birmingham,Reino Unido,4810,8/12/2015 20:11,15335,365,35.99000168,0.150000006,38349,59.99000168,0.310000002,4,239.9600067,203.9700012,63.84000015,Northern Europe,Inglaterra,CLOSED,,365,17,,Perfect Fitness Perfect Rip Deck,59.99000168,0,8/14/2015 20:11,First Class
TRANSFER,6,4,-435.1499939,255.9700012,Shipping canceled,0,31,Women's Golf Clubs,Chicago,EE. UU.,6081,Corporate,IL,6,Outdoors,41.85883331,-87.71582031,Europe,Flensburg,Alemania,6081,7/29/2017 15:51,64440,691,63.99000168,0.200000003,161080,79.98999786,-1.700000048,4,319.9599915,255.9700012,-435.1499939,Western Europe,Schleswig-Holstein,SUSPECTED_FRAUD,,691,31,,MDGolf Pittsburgh Penguins Putter,79.98999786,0,8/4/2017 15:51,Standard Class
TRANSFER,4,2,128.3000031,272.980011,Late delivery,1,43,Camping & Hiking,Caguas,Puerto Rico,3627,Corporate,PR,7,Fan Shop,18.26387596,-66.3706131,LATAM,Balneário Camboriú,Brasil,3627,4/6/2015 10:12,6538,957,27.0,0.090000004,16349,299.980011,0.469999999,1,299.980011,272.980011,128.3000031,South America,Santa Catarina,PENDING,,957,43,,Diamondback Women's Serene Classic Comfort Bi,299.980011,0,4/10/2015 10:12,Second Class
DEBIT,3,4,-75.59999847,377.980011,Advance shipping,0,45,Fishing,Ventura,EE. UU.,1721,Corporate,CA,7,Fan Shop,34.26494217,-119.218605,USCA,Midland,Estados Unidos,1721,5/5/2016 10:10,33597,1004,22.0,0.059999999,83867,399.980011,-0.200000003,1,399.980011,377.980011,-75.59999847,US Center ,Michigan,COMPLETE,48640.0,1004,45,,Field & Stream Sportsman 16 Gun Fire Safe,399.980011,0,5/8/2016 10:10,Standard Class
PAYMENT,3,4,-81.98999786,327.9700012,Advance shipping,0,9,Cardio Equipment,Caguas,Puerto Rico,7097,Consumer,PR,3,Footwear,18.25281715,-66.37057495,USCA,Los Angeles,Estados Unidos,7097,7/11/2016 1:29,38162,191,71.98999786,0.180000007,95266,99.98999786,-0.25,4,399.9599915,327.9700012,-81.98999786,West of USA ,California,PAYMENT_REVIEW,90004.0,191,9,,Nike Men's Free 5.0+ Running Shoe,99.98999786,0,7/14/2016 1:29,Standard Class
PAYMENT,2,4,65.98999786,239.9600067,Advance shipping,0,17,Cleats,Brooklyn,EE. UU.,6506,Consumer,NY,4,Apparel,40.60237885,-73.95497131,Pacific Asia,Bekasi,Indonesia,6506,1/14/2016 5:25,25911,365,0.0,0.0,64861,59.99000168,0.280000001,4,239.9600067,239.9600067,65.98999786,Southeast Asia,Java Occidental,PAYMENT_REVIEW,,365,17,,Perfect Fitness Perfect Rip Deck,59.99000168,0,1/16/2016 5:25,Standard Class
DEBIT,2,1,46.11999893,136.4499969,Late delivery,1,46,Indoor/Outdoor Games,Chicago,EE. UU.,5413,Home Office,IL,7,Fan Shop,41.6971283,-87.67146301,LATAM,Tegucigalpa,Honduras,5413,3/24/2017 7:47,55717,1014,13.48999977,0.090000004,139346,49.97999954,0.340000004,3,149.9400024,136.4499969,46.11999893,Central America,Francisco Morazán,COMPLETE,,1014,46,,O'Brien Men's Neoprene Life Vest,49.97999954,0,3/26/2017 7:47,First Class
DEBIT,5,4,42.25,129.9900055,Late delivery,1,18,Men's Footwear,New York,EE. UU.,5836,Consumer,NY,4,Apparel,40.65302277,-73.94683838,USCA,East Point,Estados Unidos,5836,7/28/2016 18:06,39374,403,0.0,0.0,98305,129.9900055,0.330000013,1,129.9900055,129.9900055,42.25,South of  USA ,Georgia,COMPLETE,30344.0,403,18,,Nike Men's CJ Elite 2 TD Football Cleat,129.9900055,0,8/2/2016 18:06,Standard Class
PAYMENT,4,4,89.30000305,189.9900055,Shipping on time,0,48,Water Sports,Caguas,Puerto Rico,1920,Home Office,PR,7,Fan Shop,18.22962761,-66.3705368,Europe,Les Pennes-Mirabeau,Francia,1920,7/16/2017 20:35,63563,1073,10.0,0.050000001,158890,199.9900055,0.469999999,1,199.9900055,189.9900055,89.30000305,Western Europe,Provenza-Alpes-Costa Azul,PENDING_PAYMENT,,1073,48,,Pelican Sunstream 100 Kayak,199.9900055,0,7/20/2017 20:35,Standard Class
TRANSFER,4,2,41.81000137,245.9600067,Late delivery,1,17,Cleats,Lawrenceville,EE. UU.,9944,Consumer,GA,4,Apparel,33.9068985,-84.1109314,Pacific Asia,Bagdad,Irak,9944,9/13/2016 14:22,42583,365,53.99000168,0.180000007,106294,59.99000168,0.170000002,5,299.9500122,245.9600067,41.81000137,West Asia,Bagdad,PROCESSING,,365,17,,Perfect Fitness Perfect Rip Deck,59.99000168,0,9/17/2016 14:22,Second Class
